sentence_id,sentence
1,I recently purchased this product and wanted to share my experience.
2,The packaging was excellent and the item arrived earlier than expected.
3,I was very impressed with the build quality and attention to detail.
4,Everything worked perfectly right out of the box.
5,The customer service team was incredibly helpful and responsive.
6,They answered all my questions promptly and professionally.
7,I really appreciated their patience and expertise.
8,"However, there were a few issues that need to be addressed."
9,The instruction manual was confusing and poorly translated.
10,It took me much longer than necessary to set everything up.
11,This was quite frustrating and disappointing.
12,The price point is also somewhat high compared to competitors.
13,I'm not entirely convinced it offers the best value for money.
14,There are cheaper alternatives available in the market.
15,"Despite these concerns, I'm generally satisfied with my purchase."
16,The product performs well and meets most of my expectations.
17,"The design is sleek and modern, which I really like."
18,It fits perfectly in my workspace.
19,One more thing I'd like to mention is the warranty policy.
20,The two-year warranty provides good peace of mind.
21,It shows the company stands behind their product.
22,"Overall, I would recommend this to others with some reservations."
23,It's a solid product but not without its flaws.
24,I hope the company will address the issues I mentioned in future versions.
