project_1,project_2,similarity,common_attributes_count,common_attributes
PA2732F4F,P937D2FA3,1.0,10,"system_database_access_顧客管理システム, technology_stack_AWS/Azure クラウド, middleware_library_Apache/Nginx, vendor_partner_Microsoft, skill_set_データサイエンティスト"
PD6AD48DD,P5FE7884C,1.0,10,"system_database_access_顧客管理システム, technology_stack_REST API, middleware_library_Apache/Nginx, vendor_partner_SAP, skill_set_UI/UX デザイナー"
P000ED180,P592A04AB,1.0,10,"system_database_access_データウェアハウス, technology_stack_なし, middleware_library_Docker/Kubernetes, vendor_partner_なし, skill_set_なし"
P000ED180,PF502D716,1.0,10,"system_database_access_データウェアハウス, technology_stack_なし, middleware_library_Docker/Kubernetes, vendor_partner_なし, skill_set_なし"
P3B5916DA,P50EE0CEE,1.0,10,"system_database_access_ファイルサーバー, technology_stack_なし, middleware_library_Docker/Kubernetes, vendor_partner_Oracle, skill_set_データサイエンティスト"
P3B5916DA,P44A0A641,1.0,10,"system_database_access_ファイルサーバー, technology_stack_なし, middleware_library_Docker/Kubernetes, vendor_partner_Oracle, skill_set_データサイエンティスト"
P3B5916DA,PA8A1D377,1.0,10,"system_database_access_ファイルサーバー, technology_stack_なし, middleware_library_Docker/Kubernetes, vendor_partner_Oracle, skill_set_データサイエンティスト"
PAA3885A1,PDAB6ACBA,1.0,10,"system_database_access_認証システム, technology_stack_AWS/Azure クラウド, middleware_library_共通ライブラリ, vendor_partner_IBM, skill_set_UI/UX デザイナー"
PAA3885A1,PF1DCA28C,1.0,10,"system_database_access_認証システム, technology_stack_AWS/Azure クラウド, middleware_library_共通ライブラリ, vendor_partner_IBM, skill_set_UI/UX デザイナー"
PAA3885A1,PB84ACF6D,1.0,10,"system_database_access_認証システム, technology_stack_AWS/Azure クラウド, middleware_library_共通ライブラリ, vendor_partner_IBM, skill_set_UI/UX デザイナー"
P9A6FDDD1,PEDFE5DD0,1.0,10,"system_database_access_ファイルサーバー, technology_stack_REST API, middleware_library_なし, vendor_partner_Microsoft, skill_set_インフラエンジニア"
P9A6FDDD1,P14234D41,1.0,10,"system_database_access_ファイルサーバー, technology_stack_REST API, middleware_library_なし, vendor_partner_Microsoft, skill_set_インフラエンジニア"
P9A6FDDD1,PBC4693B1,1.0,10,"system_database_access_ファイルサーバー, technology_stack_REST API, middleware_library_なし, vendor_partner_Microsoft, skill_set_インフラエンジニア"
PD6AD48DD,P63FAC9FD,1.0,10,"system_database_access_顧客管理システム, technology_stack_REST API, middleware_library_Apache/Nginx, vendor_partner_SAP, skill_set_UI/UX デザイナー"
PD6AD48DD,PAE47CD1E,1.0,10,"system_database_access_顧客管理システム, technology_stack_REST API, middleware_library_Apache/Nginx, vendor_partner_SAP, skill_set_UI/UX デザイナー"
PBD8A5670,P363A49D0,1.0,10,"system_database_access_ファイルサーバー, technology_stack_REST API, middleware_library_共通ライブラリ, vendor_partner_SAP, skill_set_UI/UX デザイナー"
P4FF59CF0,P2A1B9CF0,1.0,10,"system_database_access_データウェアハウス, technology_stack_React/Angular, middleware_library_なし, vendor_partner_Oracle, skill_set_プロジェクトマネージャー"
PBD8A5670,PFD43A03A,1.0,10,"system_database_access_ファイルサーバー, technology_stack_REST API, middleware_library_共通ライブラリ, vendor_partner_SAP, skill_set_UI/UX デザイナー"
PBD8A5670,PE32EF89E,1.0,10,"system_database_access_ファイルサーバー, technology_stack_REST API, middleware_library_共通ライブラリ, vendor_partner_SAP, skill_set_UI/UX デザイナー"
PC9636DB9,P5D1AB825,1.0,10,"system_database_access_顧客管理システム, technology_stack_BI ツール, middleware_library_Docker/Kubernetes, vendor_partner_IBM, skill_set_なし"
PC9636DB9,P01DE852E,1.0,10,"system_database_access_顧客管理システム, technology_stack_BI ツール, middleware_library_Docker/Kubernetes, vendor_partner_IBM, skill_set_なし"
PC9636DB9,P7E4A112E,1.0,10,"system_database_access_顧客管理システム, technology_stack_BI ツール, middleware_library_Docker/Kubernetes, vendor_partner_IBM, skill_set_なし"
PB33F762D,P6B83E9C0,1.0,10,"system_database_access_データウェアハウス, technology_stack_AWS/Azure クラウド, middleware_library_なし, vendor_partner_Salesforce, skill_set_データサイエンティスト"
PB33F762D,P45C7BCE4,1.0,10,"system_database_access_データウェアハウス, technology_stack_AWS/Azure クラウド, middleware_library_なし, vendor_partner_Salesforce, skill_set_データサイエンティスト"
PB33F762D,P05D99F62,1.0,10,"system_database_access_データウェアハウス, technology_stack_AWS/Azure クラウド, middleware_library_なし, vendor_partner_Salesforce, skill_set_データサイエンティスト"
P9B6ECA12,PADC59CA1,1.0,10,"system_database_access_顧客管理システム, technology_stack_なし, middleware_library_Redis/Memcached, vendor_partner_Oracle, skill_set_Java 開発者"
P9B6ECA12,P7B427339,1.0,10,"system_database_access_顧客管理システム, technology_stack_なし, middleware_library_Redis/Memcached, vendor_partner_Oracle, skill_set_Java 開発者"
P9B6ECA12,PF296AD81,1.0,10,"system_database_access_顧客管理システム, technology_stack_なし, middleware_library_Redis/Memcached, vendor_partner_Oracle, skill_set_Java 開発者"
P6AE8CDC7,P219882E1,1.0,10,"system_database_access_認証システム, technology_stack_なし, middleware_library_Redis/Memcached, vendor_partner_Oracle, skill_set_業務アナリスト"
P6AE8CDC7,P84F74DB0,1.0,10,"system_database_access_認証システム, technology_stack_なし, middleware_library_Redis/Memcached, vendor_partner_Oracle, skill_set_業務アナリスト"
P000ED180,P4B6E503B,1.0,10,"system_database_access_データウェアハウス, technology_stack_なし, middleware_library_Docker/Kubernetes, vendor_partner_なし, skill_set_なし"
P99093CF6,PAA45C4E7,1.0,10,"system_database_access_データウェアハウス, technology_stack_React/Angular, middleware_library_Docker/Kubernetes, vendor_partner_地場SI会社, skill_set_UI/UX デザイナー"
P99093CF6,PBF48C170,1.0,10,"system_database_access_データウェアハウス, technology_stack_React/Angular, middleware_library_Docker/Kubernetes, vendor_partner_地場SI会社, skill_set_UI/UX デザイナー"
P99093CF6,P3683AD7A,1.0,10,"system_database_access_データウェアハウス, technology_stack_React/Angular, middleware_library_Docker/Kubernetes, vendor_partner_地場SI会社, skill_set_UI/UX デザイナー"
PB1FDFABA,PE9F98ACE,1.0,10,"system_database_access_認証システム, technology_stack_なし, middleware_library_Apache/Nginx, vendor_partner_地場SI会社, skill_set_業務アナリスト"
PB1FDFABA,P69D1F287,1.0,10,"system_database_access_認証システム, technology_stack_なし, middleware_library_Apache/Nginx, vendor_partner_地場SI会社, skill_set_業務アナリスト"
P050159F0,P98805C3E,1.0,10,"system_database_access_顧客管理システム, technology_stack_React/Angular, middleware_library_Redis/Memcached, vendor_partner_Oracle, skill_set_業務アナリスト"
P050159F0,PAB5FA13F,1.0,10,"system_database_access_顧客管理システム, technology_stack_React/Angular, middleware_library_Redis/Memcached, vendor_partner_Oracle, skill_set_業務アナリスト"
P10BDDC9A,P8EF41966,1.0,10,"system_database_access_なし, technology_stack_BI ツール, middleware_library_Docker/Kubernetes, vendor_partner_Salesforce, skill_set_UI/UX デザイナー"
P10BDDC9A,PF3C649B1,1.0,10,"system_database_access_なし, technology_stack_BI ツール, middleware_library_Docker/Kubernetes, vendor_partner_Salesforce, skill_set_UI/UX デザイナー"
PDB31A11B,PD1F507D1,1.0,10,"system_database_access_基幹業務システム, technology_stack_React/Angular, middleware_library_Apache/Nginx, vendor_partner_IBM, skill_set_業務アナリスト"
PDB31A11B,P444AD886,1.0,10,"system_database_access_基幹業務システム, technology_stack_React/Angular, middleware_library_Apache/Nginx, vendor_partner_IBM, skill_set_業務アナリスト"
P687CA718,P8345CA60,1.0,10,"system_database_access_顧客管理システム, technology_stack_なし, middleware_library_Kafka/RabbitMQ, vendor_partner_なし, skill_set_業務アナリスト"
P687CA718,P6F310DCB,1.0,10,"system_database_access_顧客管理システム, technology_stack_なし, middleware_library_Kafka/RabbitMQ, vendor_partner_なし, skill_set_業務アナリスト"
PFA01E7FB,P64072335,1.0,10,"system_database_access_ファイルサーバー, technology_stack_BI ツール, middleware_library_共通ライブラリ, vendor_partner_なし, skill_set_Java 開発者"
PFA01E7FB,P9062D8E5,1.0,10,"system_database_access_ファイルサーバー, technology_stack_BI ツール, middleware_library_共通ライブラリ, vendor_partner_なし, skill_set_Java 開発者"
P412ABCDD,PE3CFAE7D,1.0,10,"system_database_access_認証システム, technology_stack_React/Angular, middleware_library_Docker/Kubernetes, vendor_partner_Oracle, skill_set_データサイエンティスト"
P412ABCDD,P7C50A5BB,1.0,10,"system_database_access_認証システム, technology_stack_React/Angular, middleware_library_Docker/Kubernetes, vendor_partner_Oracle, skill_set_データサイエンティスト"
P724F58F2,PDB1DFA59,1.0,10,"system_database_access_データウェアハウス, technology_stack_Java/.NET, middleware_library_Kafka/RabbitMQ, vendor_partner_IBM, skill_set_データサイエンティスト"
P724F58F2,P2813B4D3,1.0,10,"system_database_access_データウェアハウス, technology_stack_Java/.NET, middleware_library_Kafka/RabbitMQ, vendor_partner_IBM, skill_set_データサイエンティスト"
P382ED222,PCF3BAC50,1.0,10,"system_database_access_なし, technology_stack_なし, middleware_library_なし, vendor_partner_IBM, skill_set_プロジェクトマネージャー"
P382ED222,PC8EBCE69,1.0,10,"system_database_access_なし, technology_stack_なし, middleware_library_なし, vendor_partner_IBM, skill_set_プロジェクトマネージャー"
PB259FA64,P15CF12FE,1.0,10,"system_database_access_データウェアハウス, technology_stack_React/Angular, middleware_library_Redis/Memcached, vendor_partner_地場SI会社, skill_set_Java 開発者"
PB259FA64,P0589C4F5,1.0,10,"system_database_access_データウェアハウス, technology_stack_React/Angular, middleware_library_Redis/Memcached, vendor_partner_地場SI会社, skill_set_Java 開発者"
PB2C7833B,P362A0767,1.0,10,"system_database_access_基幹業務システム, technology_stack_REST API, middleware_library_Kafka/RabbitMQ, vendor_partner_IBM, skill_set_Java 開発者"
PB2C7833B,PC59DEE4D,1.0,10,"system_database_access_基幹業務システム, technology_stack_REST API, middleware_library_Kafka/RabbitMQ, vendor_partner_IBM, skill_set_Java 開発者"
P2F47FC5B,P06CD9047,1.0,10,"system_database_access_顧客管理システム, technology_stack_AWS/Azure クラウド, middleware_library_Apache/Nginx, vendor_partner_Microsoft, skill_set_データサイエンティスト"
P2F47FC5B,P990EFC47,1.0,10,"system_database_access_顧客管理システム, technology_stack_AWS/Azure クラウド, middleware_library_Apache/Nginx, vendor_partner_Microsoft, skill_set_データサイエンティスト"
PA3574EF6,P46EDFB92,1.0,10,"system_database_access_顧客管理システム, technology_stack_React/Angular, middleware_library_Docker/Kubernetes, vendor_partner_IBM, skill_set_データサイエンティスト"
PA3574EF6,PA53F2C5A,1.0,10,"system_database_access_顧客管理システム, technology_stack_React/Angular, middleware_library_Docker/Kubernetes, vendor_partner_IBM, skill_set_データサイエンティスト"
PA3574EF6,P39AADD22,1.0,10,"system_database_access_顧客管理システム, technology_stack_React/Angular, middleware_library_Docker/Kubernetes, vendor_partner_IBM, skill_set_データサイエンティスト"
P6AE8CDC7,P6D7A47CE,1.0,10,"system_database_access_認証システム, technology_stack_なし, middleware_library_Redis/Memcached, vendor_partner_Oracle, skill_set_業務アナリスト"
P4FF59CF0,P93F97C2D,1.0,10,"system_database_access_データウェアハウス, technology_stack_React/Angular, middleware_library_なし, vendor_partner_Oracle, skill_set_プロジェクトマネージャー"
PA2732F4F,P2F47FC5B,1.0,10,"system_database_access_顧客管理システム, technology_stack_AWS/Azure クラウド, middleware_library_Apache/Nginx, vendor_partner_Microsoft, skill_set_データサイエンティスト"
P77A0126C,P60977BD7,1.0,10,"system_database_access_顧客管理システム, technology_stack_AWS/Azure クラウド, middleware_library_共通ライブラリ, vendor_partner_SAP, skill_set_インフラエンジニア"
P061AC53E,PD73EE08E,1.0,10,"system_database_access_認証システム, technology_stack_React/Angular, middleware_library_Apache/Nginx, vendor_partner_SAP, skill_set_UI/UX デザイナー"
P061AC53E,PDB58B652,1.0,10,"system_database_access_認証システム, technology_stack_React/Angular, middleware_library_Apache/Nginx, vendor_partner_SAP, skill_set_UI/UX デザイナー"
P35967427,P5DAD1EED,1.0,10,"system_database_access_基幹業務システム, technology_stack_React/Angular, middleware_library_Docker/Kubernetes, vendor_partner_なし, skill_set_なし"
P35967427,P9E744BCA,1.0,10,"system_database_access_基幹業務システム, technology_stack_React/Angular, middleware_library_Docker/Kubernetes, vendor_partner_なし, skill_set_なし"
P35967427,P4FC1D419,1.0,10,"system_database_access_基幹業務システム, technology_stack_React/Angular, middleware_library_Docker/Kubernetes, vendor_partner_なし, skill_set_なし"
P0604F081,P18D7A8F0,1.0,10,"system_database_access_なし, technology_stack_Java/.NET, middleware_library_なし, vendor_partner_地場SI会社, skill_set_データサイエンティスト"
P0604F081,PB7EA2EFC,1.0,10,"system_database_access_なし, technology_stack_Java/.NET, middleware_library_なし, vendor_partner_地場SI会社, skill_set_データサイエンティスト"
P0604F081,PCA0A5741,1.0,10,"system_database_access_なし, technology_stack_Java/.NET, middleware_library_なし, vendor_partner_地場SI会社, skill_set_データサイエンティスト"
PB0A42852,P1B2D58E7,1.0,10,"system_database_access_なし, technology_stack_なし, middleware_library_なし, vendor_partner_地場SI会社, skill_set_データサイエンティスト"
PB0A42852,PA04A5211,1.0,10,"system_database_access_なし, technology_stack_なし, middleware_library_なし, vendor_partner_地場SI会社, skill_set_データサイエンティスト"
PB0A42852,P7EAC81CB,1.0,10,"system_database_access_なし, technology_stack_なし, middleware_library_なし, vendor_partner_地場SI会社, skill_set_データサイエンティスト"
P77A0126C,P843E7C25,1.0,10,"system_database_access_顧客管理システム, technology_stack_AWS/Azure クラウド, middleware_library_共通ライブラリ, vendor_partner_SAP, skill_set_インフラエンジニア"
P77A0126C,P7C5624FC,1.0,10,"system_database_access_顧客管理システム, technology_stack_AWS/Azure クラウド, middleware_library_共通ライブラリ, vendor_partner_SAP, skill_set_インフラエンジニア"
PE56E32E5,P147BA1D2,1.0,10,"system_database_access_基幹業務システム, technology_stack_REST API, middleware_library_Apache/Nginx, vendor_partner_地場SI会社, skill_set_データサイエンティスト"
P4FF59CF0,PCC30A890,1.0,10,"system_database_access_データウェアハウス, technology_stack_React/Angular, middleware_library_なし, vendor_partner_Oracle, skill_set_プロジェクトマネージャー"
PE56E32E5,P6623DE9D,1.0,10,"system_database_access_基幹業務システム, technology_stack_REST API, middleware_library_Apache/Nginx, vendor_partner_地場SI会社, skill_set_データサイエンティスト"
PE56E32E5,PC6537585,1.0,10,"system_database_access_基幹業務システム, technology_stack_REST API, middleware_library_Apache/Nginx, vendor_partner_地場SI会社, skill_set_データサイエンティスト"
P78EE3330,P0D2F955B,1.0,10,"system_database_access_基幹業務システム, technology_stack_なし, middleware_library_Kafka/RabbitMQ, vendor_partner_なし, skill_set_UI/UX デザイナー"
P78EE3330,P6D89D19E,1.0,10,"system_database_access_基幹業務システム, technology_stack_なし, middleware_library_Kafka/RabbitMQ, vendor_partner_なし, skill_set_UI/UX デザイナー"
P78EE3330,PF1112278,1.0,10,"system_database_access_基幹業務システム, technology_stack_なし, middleware_library_Kafka/RabbitMQ, vendor_partner_なし, skill_set_UI/UX デザイナー"
P836916E3,PEAD263D2,1.0,10,"system_database_access_ファイルサーバー, technology_stack_REST API, middleware_library_Docker/Kubernetes, vendor_partner_Microsoft, skill_set_Java 開発者"
P836916E3,PBE9F8E15,1.0,10,"system_database_access_ファイルサーバー, technology_stack_REST API, middleware_library_Docker/Kubernetes, vendor_partner_Microsoft, skill_set_Java 開発者"
P836916E3,P2C42EE55,1.0,10,"system_database_access_ファイルサーバー, technology_stack_REST API, middleware_library_Docker/Kubernetes, vendor_partner_Microsoft, skill_set_Java 開発者"
P5D895D2A,PC0FFF9DC,1.0,10,"system_database_access_データウェアハウス, technology_stack_AWS/Azure クラウド, middleware_library_Apache/Nginx, vendor_partner_地場SI会社, skill_set_UI/UX デザイナー"
P5D895D2A,PC8AD7D7F,1.0,10,"system_database_access_データウェアハウス, technology_stack_AWS/Azure クラウド, middleware_library_Apache/Nginx, vendor_partner_地場SI会社, skill_set_UI/UX デザイナー"
P5D895D2A,P048999F4,1.0,10,"system_database_access_データウェアハウス, technology_stack_AWS/Azure クラウド, middleware_library_Apache/Nginx, vendor_partner_地場SI会社, skill_set_UI/UX デザイナー"
P60032341,P4F9987B4,1.0,10,"system_database_access_ファイルサーバー, technology_stack_BI ツール, middleware_library_なし, vendor_partner_IBM, skill_set_データサイエンティスト"
P60032341,P529BB56B,1.0,10,"system_database_access_ファイルサーバー, technology_stack_BI ツール, middleware_library_なし, vendor_partner_IBM, skill_set_データサイエンティスト"
P061AC53E,PC0784921,1.0,10,"system_database_access_認証システム, technology_stack_React/Angular, middleware_library_Apache/Nginx, vendor_partner_SAP, skill_set_UI/UX デザイナー"
P95EEE3FF,P7B43B43A,1.0,10,"system_database_access_なし, technology_stack_React/Angular, middleware_library_Docker/Kubernetes, vendor_partner_IBM, skill_set_プロジェクトマネージャー"
P95EEE3FF,PE9948E1F,1.0,10,"system_database_access_なし, technology_stack_React/Angular, middleware_library_Docker/Kubernetes, vendor_partner_IBM, skill_set_プロジェクトマネージャー"
P95EEE3FF,P11A72586,1.0,10,"system_database_access_なし, technology_stack_React/Angular, middleware_library_Docker/Kubernetes, vendor_partner_IBM, skill_set_プロジェクトマネージャー"
PC6CC46E1,PC5853B67,1.0,10,"system_database_access_なし, technology_stack_React/Angular, middleware_library_Kafka/RabbitMQ, vendor_partner_Oracle, skill_set_なし"
PC6CC46E1,P97590A48,1.0,10,"system_database_access_なし, technology_stack_React/Angular, middleware_library_Kafka/RabbitMQ, vendor_partner_Oracle, skill_set_なし"
PC6CC46E1,P30B1A7F0,1.0,10,"system_database_access_なし, technology_stack_React/Angular, middleware_library_Kafka/RabbitMQ, vendor_partner_Oracle, skill_set_なし"
P3C20EA69,P56BCF173,1.0,10,"system_database_access_なし, technology_stack_BI ツール, middleware_library_Apache/Nginx, vendor_partner_なし, skill_set_UI/UX デザイナー"
P3C20EA69,PEF41AF05,1.0,10,"system_database_access_なし, technology_stack_BI ツール, middleware_library_Apache/Nginx, vendor_partner_なし, skill_set_UI/UX デザイナー"
P3C20EA69,P0BC25F09,1.0,10,"system_database_access_なし, technology_stack_BI ツール, middleware_library_Apache/Nginx, vendor_partner_なし, skill_set_UI/UX デザイナー"
PB33410C1,PF06FB9CD,1.0,10,"system_database_access_顧客管理システム, technology_stack_BI ツール, middleware_library_共通ライブラリ, vendor_partner_地場SI会社, skill_set_UI/UX デザイナー"
PB33410C1,PC36F236F,1.0,10,"system_database_access_顧客管理システム, technology_stack_BI ツール, middleware_library_共通ライブラリ, vendor_partner_地場SI会社, skill_set_UI/UX デザイナー"
PB33410C1,PF419A77F,1.0,10,"system_database_access_顧客管理システム, technology_stack_BI ツール, middleware_library_共通ライブラリ, vendor_partner_地場SI会社, skill_set_UI/UX デザイナー"
PFB1EE3D8,P57733615,1.0,10,"system_database_access_顧客管理システム, technology_stack_React/Angular, middleware_library_Redis/Memcached, vendor_partner_Microsoft, skill_set_データサイエンティスト"
PFB1EE3D8,P25BF5533,1.0,10,"system_database_access_顧客管理システム, technology_stack_React/Angular, middleware_library_Redis/Memcached, vendor_partner_Microsoft, skill_set_データサイエンティスト"
PFB1EE3D8,P9959560A,1.0,10,"system_database_access_顧客管理システム, technology_stack_React/Angular, middleware_library_Redis/Memcached, vendor_partner_Microsoft, skill_set_データサイエンティスト"
P70E4C4A0,P8174433D,1.0,10,"system_database_access_認証システム, technology_stack_BI ツール, middleware_library_Kafka/RabbitMQ, vendor_partner_なし, skill_set_UI/UX デザイナー"
P70E4C4A0,P05BAA237,1.0,10,"system_database_access_認証システム, technology_stack_BI ツール, middleware_library_Kafka/RabbitMQ, vendor_partner_なし, skill_set_UI/UX デザイナー"
P70E4C4A0,P5FB72F3F,1.0,10,"system_database_access_認証システム, technology_stack_BI ツール, middleware_library_Kafka/RabbitMQ, vendor_partner_なし, skill_set_UI/UX デザイナー"
P22632C44,PDFBBC197,1.0,10,"system_database_access_認証システム, technology_stack_なし, middleware_library_Redis/Memcached, vendor_partner_なし, skill_set_UI/UX デザイナー"
P22632C44,PFB134A65,1.0,10,"system_database_access_認証システム, technology_stack_なし, middleware_library_Redis/Memcached, vendor_partner_なし, skill_set_UI/UX デザイナー"
P22632C44,P62F66210,1.0,10,"system_database_access_認証システム, technology_stack_なし, middleware_library_Redis/Memcached, vendor_partner_なし, skill_set_UI/UX デザイナー"
P843305FF,P67254793,1.0,10,"system_database_access_データウェアハウス, technology_stack_BI ツール, middleware_library_Docker/Kubernetes, vendor_partner_なし, skill_set_なし"
P843305FF,PD8E807D1,1.0,10,"system_database_access_データウェアハウス, technology_stack_BI ツール, middleware_library_Docker/Kubernetes, vendor_partner_なし, skill_set_なし"
P843305FF,P94208655,1.0,10,"system_database_access_データウェアハウス, technology_stack_BI ツール, middleware_library_Docker/Kubernetes, vendor_partner_なし, skill_set_なし"
PD56D485C,PAD3FFAFB,1.0,10,"system_database_access_基幹業務システム, technology_stack_Java/.NET, middleware_library_なし, vendor_partner_Microsoft, skill_set_業務アナリスト"
PD56D485C,P18A662A0,1.0,10,"system_database_access_基幹業務システム, technology_stack_Java/.NET, middleware_library_なし, vendor_partner_Microsoft, skill_set_業務アナリスト"
PD56D485C,P4DDEDB18,1.0,10,"system_database_access_基幹業務システム, technology_stack_Java/.NET, middleware_library_なし, vendor_partner_Microsoft, skill_set_業務アナリスト"
P07534DEB,P688143B0,1.0,10,"system_database_access_基幹業務システム, technology_stack_なし, middleware_library_Kafka/RabbitMQ, vendor_partner_なし, skill_set_なし"
P07534DEB,P4F2ED53E,1.0,10,"system_database_access_基幹業務システム, technology_stack_なし, middleware_library_Kafka/RabbitMQ, vendor_partner_なし, skill_set_なし"
P07534DEB,PFF7118ED,1.0,10,"system_database_access_基幹業務システム, technology_stack_なし, middleware_library_Kafka/RabbitMQ, vendor_partner_なし, skill_set_なし"
PD5FCE918,P66308F34,1.0,10,"system_database_access_基幹業務システム, technology_stack_AWS/Azure クラウド, middleware_library_Docker/Kubernetes, vendor_partner_なし, skill_set_なし"
PD5FCE918,P3181C6D5,1.0,10,"system_database_access_基幹業務システム, technology_stack_AWS/Azure クラウド, middleware_library_Docker/Kubernetes, vendor_partner_なし, skill_set_なし"
PF7155950,P032FBB5F,1.0,10,"system_database_access_認証システム, technology_stack_AWS/Azure クラウド, middleware_library_Docker/Kubernetes, vendor_partner_Oracle, skill_set_なし"
P2813B4D3,PDB1DFA59,1.0,10,"system_database_access_データウェアハウス, technology_stack_Java/.NET, middleware_library_Kafka/RabbitMQ, vendor_partner_IBM, skill_set_データサイエンティスト"
P529BB56B,P4F9987B4,1.0,10,"system_database_access_ファイルサーバー, technology_stack_BI ツール, middleware_library_なし, vendor_partner_IBM, skill_set_データサイエンティスト"
PF33B73D9,P2A6F691A,1.0,10,"system_database_access_認証システム, technology_stack_React/Angular, middleware_library_共通ライブラリ, vendor_partner_IBM, skill_set_Java 開発者"
PB7A8066A,P6A295F57,1.0,10,"system_database_access_認証システム, technology_stack_なし, middleware_library_共通ライブラリ, vendor_partner_Salesforce, skill_set_プロジェクトマネージャー"
P7CAE2637,PEC168760,1.0,10,"system_database_access_顧客管理システム, technology_stack_AWS/Azure クラウド, middleware_library_共通ライブラリ, vendor_partner_SAP, skill_set_プロジェクトマネージャー"
P032FBB5F,PC28EC851,1.0,10,"system_database_access_認証システム, technology_stack_AWS/Azure クラウド, middleware_library_Docker/Kubernetes, vendor_partner_Oracle, skill_set_なし"
P66308F34,P3181C6D5,1.0,10,"system_database_access_基幹業務システム, technology_stack_AWS/Azure クラウド, middleware_library_Docker/Kubernetes, vendor_partner_なし, skill_set_なし"
P69D1F287,PE9F98ACE,1.0,10,"system_database_access_認証システム, technology_stack_なし, middleware_library_Apache/Nginx, vendor_partner_地場SI会社, skill_set_業務アナリスト"
PAB5FA13F,P98805C3E,1.0,10,"system_database_access_顧客管理システム, technology_stack_React/Angular, middleware_library_Redis/Memcached, vendor_partner_Oracle, skill_set_業務アナリスト"
PF3C649B1,P8EF41966,1.0,10,"system_database_access_なし, technology_stack_BI ツール, middleware_library_Docker/Kubernetes, vendor_partner_Salesforce, skill_set_UI/UX デザイナー"
P444AD886,PD1F507D1,1.0,10,"system_database_access_基幹業務システム, technology_stack_React/Angular, middleware_library_Apache/Nginx, vendor_partner_IBM, skill_set_業務アナリスト"
P6F310DCB,P8345CA60,1.0,10,"system_database_access_顧客管理システム, technology_stack_なし, middleware_library_Kafka/RabbitMQ, vendor_partner_なし, skill_set_業務アナリスト"
P9062D8E5,P64072335,1.0,10,"system_database_access_ファイルサーバー, technology_stack_BI ツール, middleware_library_共通ライブラリ, vendor_partner_なし, skill_set_Java 開発者"
P7C50A5BB,PE3CFAE7D,1.0,10,"system_database_access_認証システム, technology_stack_React/Angular, middleware_library_Docker/Kubernetes, vendor_partner_Oracle, skill_set_データサイエンティスト"
PC8EBCE69,PCF3BAC50,1.0,10,"system_database_access_なし, technology_stack_なし, middleware_library_なし, vendor_partner_IBM, skill_set_プロジェクトマネージャー"
PF7155950,PC28EC851,1.0,10,"system_database_access_認証システム, technology_stack_AWS/Azure クラウド, middleware_library_Docker/Kubernetes, vendor_partner_Oracle, skill_set_なし"
P0589C4F5,P15CF12FE,1.0,10,"system_database_access_データウェアハウス, technology_stack_React/Angular, middleware_library_Redis/Memcached, vendor_partner_地場SI会社, skill_set_Java 開発者"
PC59DEE4D,P362A0767,1.0,10,"system_database_access_基幹業務システム, technology_stack_REST API, middleware_library_Kafka/RabbitMQ, vendor_partner_IBM, skill_set_Java 開発者"
P990EFC47,P06CD9047,1.0,10,"system_database_access_顧客管理システム, technology_stack_AWS/Azure クラウド, middleware_library_Apache/Nginx, vendor_partner_Microsoft, skill_set_データサイエンティスト"
P39AADD22,P46EDFB92,1.0,10,"system_database_access_顧客管理システム, technology_stack_React/Angular, middleware_library_Docker/Kubernetes, vendor_partner_IBM, skill_set_データサイエンティスト"
P39AADD22,PA53F2C5A,1.0,10,"system_database_access_顧客管理システム, technology_stack_React/Angular, middleware_library_Docker/Kubernetes, vendor_partner_IBM, skill_set_データサイエンティスト"
PAA45C4E7,P3683AD7A,1.0,10,"system_database_access_データウェアハウス, technology_stack_React/Angular, middleware_library_Docker/Kubernetes, vendor_partner_地場SI会社, skill_set_UI/UX デザイナー"
PAA45C4E7,PBF48C170,1.0,10,"system_database_access_データウェアハウス, technology_stack_React/Angular, middleware_library_Docker/Kubernetes, vendor_partner_地場SI会社, skill_set_UI/UX デザイナー"
PF502D716,P4B6E503B,1.0,10,"system_database_access_データウェアハウス, technology_stack_なし, middleware_library_Docker/Kubernetes, vendor_partner_なし, skill_set_なし"
PF502D716,P592A04AB,1.0,10,"system_database_access_データウェアハウス, technology_stack_なし, middleware_library_Docker/Kubernetes, vendor_partner_なし, skill_set_なし"
PA8A1D377,P50EE0CEE,1.0,10,"system_database_access_ファイルサーバー, technology_stack_なし, middleware_library_Docker/Kubernetes, vendor_partner_Oracle, skill_set_データサイエンティスト"
PA8A1D377,P44A0A641,1.0,10,"system_database_access_ファイルサーバー, technology_stack_なし, middleware_library_Docker/Kubernetes, vendor_partner_Oracle, skill_set_データサイエンティスト"
PB84ACF6D,PDAB6ACBA,1.0,10,"system_database_access_認証システム, technology_stack_AWS/Azure クラウド, middleware_library_共通ライブラリ, vendor_partner_IBM, skill_set_UI/UX デザイナー"
PB84ACF6D,PF1DCA28C,1.0,10,"system_database_access_認証システム, technology_stack_AWS/Azure クラウド, middleware_library_共通ライブラリ, vendor_partner_IBM, skill_set_UI/UX デザイナー"
PC8AD7D7F,PC0FFF9DC,1.0,10,"system_database_access_データウェアハウス, technology_stack_AWS/Azure クラウド, middleware_library_Apache/Nginx, vendor_partner_地場SI会社, skill_set_UI/UX デザイナー"
PBE9F8E15,PEAD263D2,1.0,10,"system_database_access_ファイルサーバー, technology_stack_REST API, middleware_library_Docker/Kubernetes, vendor_partner_Microsoft, skill_set_Java 開発者"
P6D89D19E,P0D2F955B,1.0,10,"system_database_access_基幹業務システム, technology_stack_なし, middleware_library_Kafka/RabbitMQ, vendor_partner_なし, skill_set_UI/UX デザイナー"
P6623DE9D,P147BA1D2,1.0,10,"system_database_access_基幹業務システム, technology_stack_REST API, middleware_library_Apache/Nginx, vendor_partner_地場SI会社, skill_set_データサイエンティスト"
PBF48C170,P3683AD7A,1.0,10,"system_database_access_データウェアハウス, technology_stack_React/Angular, middleware_library_Docker/Kubernetes, vendor_partner_地場SI会社, skill_set_UI/UX デザイナー"
P592A04AB,P4B6E503B,1.0,10,"system_database_access_データウェアハウス, technology_stack_なし, middleware_library_Docker/Kubernetes, vendor_partner_なし, skill_set_なし"
P44A0A641,P50EE0CEE,1.0,10,"system_database_access_ファイルサーバー, technology_stack_なし, middleware_library_Docker/Kubernetes, vendor_partner_Oracle, skill_set_データサイエンティスト"
PF1DCA28C,PDAB6ACBA,1.0,10,"system_database_access_認証システム, technology_stack_AWS/Azure クラウド, middleware_library_共通ライブラリ, vendor_partner_IBM, skill_set_UI/UX デザイナー"
P14234D41,PEDFE5DD0,1.0,10,"system_database_access_ファイルサーバー, technology_stack_REST API, middleware_library_なし, vendor_partner_Microsoft, skill_set_インフラエンジニア"
PAE47CD1E,P63FAC9FD,1.0,10,"system_database_access_顧客管理システム, technology_stack_REST API, middleware_library_Apache/Nginx, vendor_partner_SAP, skill_set_UI/UX デザイナー"
PFD43A03A,P363A49D0,1.0,10,"system_database_access_ファイルサーバー, technology_stack_REST API, middleware_library_共通ライブラリ, vendor_partner_SAP, skill_set_UI/UX デザイナー"
P01DE852E,P5D1AB825,1.0,10,"system_database_access_顧客管理システム, technology_stack_BI ツール, middleware_library_Docker/Kubernetes, vendor_partner_IBM, skill_set_なし"
P45C7BCE4,P6B83E9C0,1.0,10,"system_database_access_データウェアハウス, technology_stack_AWS/Azure クラウド, middleware_library_なし, vendor_partner_Salesforce, skill_set_データサイエンティスト"
P7B427339,PADC59CA1,1.0,10,"system_database_access_顧客管理システム, technology_stack_なし, middleware_library_Redis/Memcached, vendor_partner_Oracle, skill_set_Java 開発者"
P84F74DB0,P219882E1,1.0,10,"system_database_access_認証システム, technology_stack_なし, middleware_library_Redis/Memcached, vendor_partner_Oracle, skill_set_業務アナリスト"
P93F97C2D,P2A1B9CF0,1.0,10,"system_database_access_データウェアハウス, technology_stack_React/Angular, middleware_library_なし, vendor_partner_Oracle, skill_set_プロジェクトマネージャー"
P97590A48,PC5853B67,1.0,10,"system_database_access_なし, technology_stack_React/Angular, middleware_library_Kafka/RabbitMQ, vendor_partner_Oracle, skill_set_なし"
PEF41AF05,P56BCF173,1.0,10,"system_database_access_なし, technology_stack_BI ツール, middleware_library_Apache/Nginx, vendor_partner_なし, skill_set_UI/UX デザイナー"
PC36F236F,PF06FB9CD,1.0,10,"system_database_access_顧客管理システム, technology_stack_BI ツール, middleware_library_共通ライブラリ, vendor_partner_地場SI会社, skill_set_UI/UX デザイナー"
P25BF5533,P57733615,1.0,10,"system_database_access_顧客管理システム, technology_stack_React/Angular, middleware_library_Redis/Memcached, vendor_partner_Microsoft, skill_set_データサイエンティスト"
P05BAA237,P8174433D,1.0,10,"system_database_access_認証システム, technology_stack_BI ツール, middleware_library_Kafka/RabbitMQ, vendor_partner_なし, skill_set_UI/UX デザイナー"
PFB134A65,PDFBBC197,1.0,10,"system_database_access_認証システム, technology_stack_なし, middleware_library_Redis/Memcached, vendor_partner_なし, skill_set_UI/UX デザイナー"
PD8E807D1,P67254793,1.0,10,"system_database_access_データウェアハウス, technology_stack_BI ツール, middleware_library_Docker/Kubernetes, vendor_partner_なし, skill_set_なし"
P18A662A0,PAD3FFAFB,1.0,10,"system_database_access_基幹業務システム, technology_stack_Java/.NET, middleware_library_なし, vendor_partner_Microsoft, skill_set_業務アナリスト"
P4F2ED53E,P688143B0,1.0,10,"system_database_access_基幹業務システム, technology_stack_なし, middleware_library_Kafka/RabbitMQ, vendor_partner_なし, skill_set_なし"
PE9948E1F,P11A72586,1.0,10,"system_database_access_なし, technology_stack_React/Angular, middleware_library_Docker/Kubernetes, vendor_partner_IBM, skill_set_プロジェクトマネージャー"
PD73EE08E,PC0784921,1.0,10,"system_database_access_認証システム, technology_stack_React/Angular, middleware_library_Apache/Nginx, vendor_partner_SAP, skill_set_UI/UX デザイナー"
P9E744BCA,P5DAD1EED,1.0,10,"system_database_access_基幹業務システム, technology_stack_React/Angular, middleware_library_Docker/Kubernetes, vendor_partner_なし, skill_set_なし"
PB7EA2EFC,P18D7A8F0,1.0,10,"system_database_access_なし, technology_stack_Java/.NET, middleware_library_なし, vendor_partner_地場SI会社, skill_set_データサイエンティスト"
PA04A5211,P1B2D58E7,1.0,10,"system_database_access_なし, technology_stack_なし, middleware_library_なし, vendor_partner_地場SI会社, skill_set_データサイエンティスト"
P7C5624FC,P843E7C25,1.0,10,"system_database_access_顧客管理システム, technology_stack_AWS/Azure クラウド, middleware_library_共通ライブラリ, vendor_partner_SAP, skill_set_インフラエンジニア"
PBC4693B1,PEDFE5DD0,1.0,10,"system_database_access_ファイルサーバー, technology_stack_REST API, middleware_library_なし, vendor_partner_Microsoft, skill_set_インフラエンジニア"
PBC4693B1,P14234D41,1.0,10,"system_database_access_ファイルサーバー, technology_stack_REST API, middleware_library_なし, vendor_partner_Microsoft, skill_set_インフラエンジニア"
P5FE7884C,P63FAC9FD,1.0,10,"system_database_access_顧客管理システム, technology_stack_REST API, middleware_library_Apache/Nginx, vendor_partner_SAP, skill_set_UI/UX デザイナー"
PFF7118ED,P4F2ED53E,1.0,10,"system_database_access_基幹業務システム, technology_stack_なし, middleware_library_Kafka/RabbitMQ, vendor_partner_なし, skill_set_なし"
P7B43B43A,PE9948E1F,1.0,10,"system_database_access_なし, technology_stack_React/Angular, middleware_library_Docker/Kubernetes, vendor_partner_IBM, skill_set_プロジェクトマネージャー"
PDB58B652,PC0784921,1.0,10,"system_database_access_認証システム, technology_stack_React/Angular, middleware_library_Apache/Nginx, vendor_partner_SAP, skill_set_UI/UX デザイナー"
PDB58B652,PD73EE08E,1.0,10,"system_database_access_認証システム, technology_stack_React/Angular, middleware_library_Apache/Nginx, vendor_partner_SAP, skill_set_UI/UX デザイナー"
P4FC1D419,P5DAD1EED,1.0,10,"system_database_access_基幹業務システム, technology_stack_React/Angular, middleware_library_Docker/Kubernetes, vendor_partner_なし, skill_set_なし"
P4FC1D419,P9E744BCA,1.0,10,"system_database_access_基幹業務システム, technology_stack_React/Angular, middleware_library_Docker/Kubernetes, vendor_partner_なし, skill_set_なし"
PCA0A5741,P18D7A8F0,1.0,10,"system_database_access_なし, technology_stack_Java/.NET, middleware_library_なし, vendor_partner_地場SI会社, skill_set_データサイエンティスト"
PCA0A5741,PB7EA2EFC,1.0,10,"system_database_access_なし, technology_stack_Java/.NET, middleware_library_なし, vendor_partner_地場SI会社, skill_set_データサイエンティスト"
P7EAC81CB,P1B2D58E7,1.0,10,"system_database_access_なし, technology_stack_なし, middleware_library_なし, vendor_partner_地場SI会社, skill_set_データサイエンティスト"
P7EAC81CB,PA04A5211,1.0,10,"system_database_access_なし, technology_stack_なし, middleware_library_なし, vendor_partner_地場SI会社, skill_set_データサイエンティスト"
P60977BD7,P843E7C25,1.0,10,"system_database_access_顧客管理システム, technology_stack_AWS/Azure クラウド, middleware_library_共通ライブラリ, vendor_partner_SAP, skill_set_インフラエンジニア"
P60977BD7,P7C5624FC,1.0,10,"system_database_access_顧客管理システム, technology_stack_AWS/Azure クラウド, middleware_library_共通ライブラリ, vendor_partner_SAP, skill_set_インフラエンジニア"
PC6537585,P147BA1D2,1.0,10,"system_database_access_基幹業務システム, technology_stack_REST API, middleware_library_Apache/Nginx, vendor_partner_地場SI会社, skill_set_データサイエンティスト"
PC6537585,P6623DE9D,1.0,10,"system_database_access_基幹業務システム, technology_stack_REST API, middleware_library_Apache/Nginx, vendor_partner_地場SI会社, skill_set_データサイエンティスト"
PF1112278,P0D2F955B,1.0,10,"system_database_access_基幹業務システム, technology_stack_なし, middleware_library_Kafka/RabbitMQ, vendor_partner_なし, skill_set_UI/UX デザイナー"
PF1112278,P6D89D19E,1.0,10,"system_database_access_基幹業務システム, technology_stack_なし, middleware_library_Kafka/RabbitMQ, vendor_partner_なし, skill_set_UI/UX デザイナー"
P2C42EE55,PEAD263D2,1.0,10,"system_database_access_ファイルサーバー, technology_stack_REST API, middleware_library_Docker/Kubernetes, vendor_partner_Microsoft, skill_set_Java 開発者"
P2C42EE55,PBE9F8E15,1.0,10,"system_database_access_ファイルサーバー, technology_stack_REST API, middleware_library_Docker/Kubernetes, vendor_partner_Microsoft, skill_set_Java 開発者"
P048999F4,PC0FFF9DC,1.0,10,"system_database_access_データウェアハウス, technology_stack_AWS/Azure クラウド, middleware_library_Apache/Nginx, vendor_partner_地場SI会社, skill_set_UI/UX デザイナー"
P048999F4,PC8AD7D7F,1.0,10,"system_database_access_データウェアハウス, technology_stack_AWS/Azure クラウド, middleware_library_Apache/Nginx, vendor_partner_地場SI会社, skill_set_UI/UX デザイナー"
P5767FFB1,P4F9987B4,1.0,10,"system_database_access_ファイルサーバー, technology_stack_BI ツール, middleware_library_なし, vendor_partner_IBM, skill_set_データサイエンティスト"
P5767FFB1,P529BB56B,1.0,10,"system_database_access_ファイルサーバー, technology_stack_BI ツール, middleware_library_なし, vendor_partner_IBM, skill_set_データサイエンティスト"
PA4D0DC2F,P2A6F691A,1.0,10,"system_database_access_認証システム, technology_stack_React/Angular, middleware_library_共通ライブラリ, vendor_partner_IBM, skill_set_Java 開発者"
PA4D0DC2F,PF33B73D9,1.0,10,"system_database_access_認証システム, technology_stack_React/Angular, middleware_library_共通ライブラリ, vendor_partner_IBM, skill_set_Java 開発者"
P59E0E43A,P6A295F57,1.0,10,"system_database_access_認証システム, technology_stack_なし, middleware_library_共通ライブラリ, vendor_partner_Salesforce, skill_set_プロジェクトマネージャー"
P59E0E43A,PB7A8066A,1.0,10,"system_database_access_認証システム, technology_stack_なし, middleware_library_共通ライブラリ, vendor_partner_Salesforce, skill_set_プロジェクトマネージャー"
PDD0AB387,PEC168760,1.0,10,"system_database_access_顧客管理システム, technology_stack_AWS/Azure クラウド, middleware_library_共通ライブラリ, vendor_partner_SAP, skill_set_プロジェクトマネージャー"
PDD0AB387,P7CAE2637,1.0,10,"system_database_access_顧客管理システム, technology_stack_AWS/Azure クラウド, middleware_library_共通ライブラリ, vendor_partner_SAP, skill_set_プロジェクトマネージャー"
P7B43B43A,P11A72586,1.0,10,"system_database_access_なし, technology_stack_React/Angular, middleware_library_Docker/Kubernetes, vendor_partner_IBM, skill_set_プロジェクトマネージャー"
PFF7118ED,P688143B0,1.0,10,"system_database_access_基幹業務システム, technology_stack_なし, middleware_library_Kafka/RabbitMQ, vendor_partner_なし, skill_set_なし"
P5FE7884C,PAE47CD1E,1.0,10,"system_database_access_顧客管理システム, technology_stack_REST API, middleware_library_Apache/Nginx, vendor_partner_SAP, skill_set_UI/UX デザイナー"
P4DDEDB18,P18A662A0,1.0,10,"system_database_access_基幹業務システム, technology_stack_Java/.NET, middleware_library_なし, vendor_partner_Microsoft, skill_set_業務アナリスト"
PE32EF89E,P363A49D0,1.0,10,"system_database_access_ファイルサーバー, technology_stack_REST API, middleware_library_共通ライブラリ, vendor_partner_SAP, skill_set_UI/UX デザイナー"
PE32EF89E,PFD43A03A,1.0,10,"system_database_access_ファイルサーバー, technology_stack_REST API, middleware_library_共通ライブラリ, vendor_partner_SAP, skill_set_UI/UX デザイナー"
P7E4A112E,P5D1AB825,1.0,10,"system_database_access_顧客管理システム, technology_stack_BI ツール, middleware_library_Docker/Kubernetes, vendor_partner_IBM, skill_set_なし"
P7E4A112E,P01DE852E,1.0,10,"system_database_access_顧客管理システム, technology_stack_BI ツール, middleware_library_Docker/Kubernetes, vendor_partner_IBM, skill_set_なし"
P05D99F62,P6B83E9C0,1.0,10,"system_database_access_データウェアハウス, technology_stack_AWS/Azure クラウド, middleware_library_なし, vendor_partner_Salesforce, skill_set_データサイエンティスト"
P05D99F62,P45C7BCE4,1.0,10,"system_database_access_データウェアハウス, technology_stack_AWS/Azure クラウド, middleware_library_なし, vendor_partner_Salesforce, skill_set_データサイエンティスト"
PF296AD81,PADC59CA1,1.0,10,"system_database_access_顧客管理システム, technology_stack_なし, middleware_library_Redis/Memcached, vendor_partner_Oracle, skill_set_Java 開発者"
PF296AD81,P7B427339,1.0,10,"system_database_access_顧客管理システム, technology_stack_なし, middleware_library_Redis/Memcached, vendor_partner_Oracle, skill_set_Java 開発者"
P6D7A47CE,P219882E1,1.0,10,"system_database_access_認証システム, technology_stack_なし, middleware_library_Redis/Memcached, vendor_partner_Oracle, skill_set_業務アナリスト"
P6D7A47CE,P84F74DB0,1.0,10,"system_database_access_認証システム, technology_stack_なし, middleware_library_Redis/Memcached, vendor_partner_Oracle, skill_set_業務アナリスト"
PCC30A890,P2A1B9CF0,1.0,10,"system_database_access_データウェアハウス, technology_stack_React/Angular, middleware_library_なし, vendor_partner_Oracle, skill_set_プロジェクトマネージャー"
PCC30A890,P93F97C2D,1.0,10,"system_database_access_データウェアハウス, technology_stack_React/Angular, middleware_library_なし, vendor_partner_Oracle, skill_set_プロジェクトマネージャー"
P30B1A7F0,PC5853B67,1.0,10,"system_database_access_なし, technology_stack_React/Angular, middleware_library_Kafka/RabbitMQ, vendor_partner_Oracle, skill_set_なし"
P30B1A7F0,P97590A48,1.0,10,"system_database_access_なし, technology_stack_React/Angular, middleware_library_Kafka/RabbitMQ, vendor_partner_Oracle, skill_set_なし"
P0BC25F09,P56BCF173,1.0,10,"system_database_access_なし, technology_stack_BI ツール, middleware_library_Apache/Nginx, vendor_partner_なし, skill_set_UI/UX デザイナー"
P0BC25F09,PEF41AF05,1.0,10,"system_database_access_なし, technology_stack_BI ツール, middleware_library_Apache/Nginx, vendor_partner_なし, skill_set_UI/UX デザイナー"
PF419A77F,PF06FB9CD,1.0,10,"system_database_access_顧客管理システム, technology_stack_BI ツール, middleware_library_共通ライブラリ, vendor_partner_地場SI会社, skill_set_UI/UX デザイナー"
PF419A77F,PC36F236F,1.0,10,"system_database_access_顧客管理システム, technology_stack_BI ツール, middleware_library_共通ライブラリ, vendor_partner_地場SI会社, skill_set_UI/UX デザイナー"
P9959560A,P57733615,1.0,10,"system_database_access_顧客管理システム, technology_stack_React/Angular, middleware_library_Redis/Memcached, vendor_partner_Microsoft, skill_set_データサイエンティスト"
P9959560A,P25BF5533,1.0,10,"system_database_access_顧客管理システム, technology_stack_React/Angular, middleware_library_Redis/Memcached, vendor_partner_Microsoft, skill_set_データサイエンティスト"
P5FB72F3F,P8174433D,1.0,10,"system_database_access_認証システム, technology_stack_BI ツール, middleware_library_Kafka/RabbitMQ, vendor_partner_なし, skill_set_UI/UX デザイナー"
P5FB72F3F,P05BAA237,1.0,10,"system_database_access_認証システム, technology_stack_BI ツール, middleware_library_Kafka/RabbitMQ, vendor_partner_なし, skill_set_UI/UX デザイナー"
P62F66210,PDFBBC197,1.0,10,"system_database_access_認証システム, technology_stack_なし, middleware_library_Redis/Memcached, vendor_partner_なし, skill_set_UI/UX デザイナー"
P62F66210,PFB134A65,1.0,10,"system_database_access_認証システム, technology_stack_なし, middleware_library_Redis/Memcached, vendor_partner_なし, skill_set_UI/UX デザイナー"
P94208655,P67254793,1.0,10,"system_database_access_データウェアハウス, technology_stack_BI ツール, middleware_library_Docker/Kubernetes, vendor_partner_なし, skill_set_なし"
P94208655,PD8E807D1,1.0,10,"system_database_access_データウェアハウス, technology_stack_BI ツール, middleware_library_Docker/Kubernetes, vendor_partner_なし, skill_set_なし"
P4DDEDB18,PAD3FFAFB,1.0,10,"system_database_access_基幹業務システム, technology_stack_Java/.NET, middleware_library_なし, vendor_partner_Microsoft, skill_set_業務アナリスト"
P60032341,P5767FFB1,1.0,10,"system_database_access_ファイルサーバー, technology_stack_BI ツール, middleware_library_なし, vendor_partner_IBM, skill_set_データサイエンティスト"
P44BF3671,P2A6F691A,1.0,10,"system_database_access_認証システム, technology_stack_React/Angular, middleware_library_共通ライブラリ, vendor_partner_IBM, skill_set_Java 開発者"
P44BF3671,PF33B73D9,1.0,10,"system_database_access_認証システム, technology_stack_React/Angular, middleware_library_共通ライブラリ, vendor_partner_IBM, skill_set_Java 開発者"
P404D02F3,PBE9F8E15,1.0,10,"system_database_access_ファイルサーバー, technology_stack_REST API, middleware_library_Docker/Kubernetes, vendor_partner_Microsoft, skill_set_Java 開発者"
PF75A7C31,P843E7C25,1.0,10,"system_database_access_顧客管理システム, technology_stack_AWS/Azure クラウド, middleware_library_共通ライブラリ, vendor_partner_SAP, skill_set_インフラエンジニア"
PF75A7C31,P7C5624FC,1.0,10,"system_database_access_顧客管理システム, technology_stack_AWS/Azure クラウド, middleware_library_共通ライブラリ, vendor_partner_SAP, skill_set_インフラエンジニア"
PF75A7C31,P60977BD7,1.0,10,"system_database_access_顧客管理システム, technology_stack_AWS/Azure クラウド, middleware_library_共通ライブラリ, vendor_partner_SAP, skill_set_インフラエンジニア"
PF75A7C31,P77A0126C,1.0,10,"system_database_access_顧客管理システム, technology_stack_AWS/Azure クラウド, middleware_library_共通ライブラリ, vendor_partner_SAP, skill_set_インフラエンジニア"
PCF7EDAEC,P147BA1D2,1.0,10,"system_database_access_基幹業務システム, technology_stack_REST API, middleware_library_Apache/Nginx, vendor_partner_地場SI会社, skill_set_データサイエンティスト"
PCF7EDAEC,P6623DE9D,1.0,10,"system_database_access_基幹業務システム, technology_stack_REST API, middleware_library_Apache/Nginx, vendor_partner_地場SI会社, skill_set_データサイエンティスト"
PCF7EDAEC,PC6537585,1.0,10,"system_database_access_基幹業務システム, technology_stack_REST API, middleware_library_Apache/Nginx, vendor_partner_地場SI会社, skill_set_データサイエンティスト"
PCF7EDAEC,PE56E32E5,1.0,10,"system_database_access_基幹業務システム, technology_stack_REST API, middleware_library_Apache/Nginx, vendor_partner_地場SI会社, skill_set_データサイエンティスト"
PE126B35F,P0D2F955B,1.0,10,"system_database_access_基幹業務システム, technology_stack_なし, middleware_library_Kafka/RabbitMQ, vendor_partner_なし, skill_set_UI/UX デザイナー"
PE126B35F,P6D89D19E,1.0,10,"system_database_access_基幹業務システム, technology_stack_なし, middleware_library_Kafka/RabbitMQ, vendor_partner_なし, skill_set_UI/UX デザイナー"
PE126B35F,PF1112278,1.0,10,"system_database_access_基幹業務システム, technology_stack_なし, middleware_library_Kafka/RabbitMQ, vendor_partner_なし, skill_set_UI/UX デザイナー"
PE126B35F,P78EE3330,1.0,10,"system_database_access_基幹業務システム, technology_stack_なし, middleware_library_Kafka/RabbitMQ, vendor_partner_なし, skill_set_UI/UX デザイナー"
P404D02F3,PEAD263D2,1.0,10,"system_database_access_ファイルサーバー, technology_stack_REST API, middleware_library_Docker/Kubernetes, vendor_partner_Microsoft, skill_set_Java 開発者"
P404D02F3,P2C42EE55,1.0,10,"system_database_access_ファイルサーバー, technology_stack_REST API, middleware_library_Docker/Kubernetes, vendor_partner_Microsoft, skill_set_Java 開発者"
P1A7BFD0F,P22632C44,1.0,10,"system_database_access_認証システム, technology_stack_なし, middleware_library_Redis/Memcached, vendor_partner_なし, skill_set_UI/UX デザイナー"
P404D02F3,P836916E3,1.0,10,"system_database_access_ファイルサーバー, technology_stack_REST API, middleware_library_Docker/Kubernetes, vendor_partner_Microsoft, skill_set_Java 開発者"
P4B363E11,PC0FFF9DC,1.0,10,"system_database_access_データウェアハウス, technology_stack_AWS/Azure クラウド, middleware_library_Apache/Nginx, vendor_partner_地場SI会社, skill_set_UI/UX デザイナー"
P4B363E11,PC8AD7D7F,1.0,10,"system_database_access_データウェアハウス, technology_stack_AWS/Azure クラウド, middleware_library_Apache/Nginx, vendor_partner_地場SI会社, skill_set_UI/UX デザイナー"
P4B363E11,P048999F4,1.0,10,"system_database_access_データウェアハウス, technology_stack_AWS/Azure クラウド, middleware_library_Apache/Nginx, vendor_partner_地場SI会社, skill_set_UI/UX デザイナー"
P4B363E11,P5D895D2A,1.0,10,"system_database_access_データウェアハウス, technology_stack_AWS/Azure クラウド, middleware_library_Apache/Nginx, vendor_partner_地場SI会社, skill_set_UI/UX デザイナー"
P8CB5715E,P4F9987B4,1.0,10,"system_database_access_ファイルサーバー, technology_stack_BI ツール, middleware_library_なし, vendor_partner_IBM, skill_set_データサイエンティスト"
P8CB5715E,P529BB56B,1.0,10,"system_database_access_ファイルサーバー, technology_stack_BI ツール, middleware_library_なし, vendor_partner_IBM, skill_set_データサイエンティスト"
P8CB5715E,P5767FFB1,1.0,10,"system_database_access_ファイルサーバー, technology_stack_BI ツール, middleware_library_なし, vendor_partner_IBM, skill_set_データサイエンティスト"
P8CB5715E,P60032341,1.0,10,"system_database_access_ファイルサーバー, technology_stack_BI ツール, middleware_library_なし, vendor_partner_IBM, skill_set_データサイエンティスト"
P7A887396,P2A6F691A,1.0,10,"system_database_access_認証システム, technology_stack_React/Angular, middleware_library_共通ライブラリ, vendor_partner_IBM, skill_set_Java 開発者"
P7A887396,PF33B73D9,1.0,10,"system_database_access_認証システム, technology_stack_React/Angular, middleware_library_共通ライブラリ, vendor_partner_IBM, skill_set_Java 開発者"
P7A887396,PA4D0DC2F,1.0,10,"system_database_access_認証システム, technology_stack_React/Angular, middleware_library_共通ライブラリ, vendor_partner_IBM, skill_set_Java 開発者"
P7A887396,P44BF3671,1.0,10,"system_database_access_認証システム, technology_stack_React/Angular, middleware_library_共通ライブラリ, vendor_partner_IBM, skill_set_Java 開発者"
P11DE44B0,PB0A42852,1.0,10,"system_database_access_なし, technology_stack_なし, middleware_library_なし, vendor_partner_地場SI会社, skill_set_データサイエンティスト"
P11DE44B0,P7EAC81CB,1.0,10,"system_database_access_なし, technology_stack_なし, middleware_library_なし, vendor_partner_地場SI会社, skill_set_データサイエンティスト"
P11DE44B0,PA04A5211,1.0,10,"system_database_access_なし, technology_stack_なし, middleware_library_なし, vendor_partner_地場SI会社, skill_set_データサイエンティスト"
P11DE44B0,P1B2D58E7,1.0,10,"system_database_access_なし, technology_stack_なし, middleware_library_なし, vendor_partner_地場SI会社, skill_set_データサイエンティスト"
P97C1F19B,PD8E807D1,1.0,10,"system_database_access_データウェアハウス, technology_stack_BI ツール, middleware_library_Docker/Kubernetes, vendor_partner_なし, skill_set_なし"
P97C1F19B,P94208655,1.0,10,"system_database_access_データウェアハウス, technology_stack_BI ツール, middleware_library_Docker/Kubernetes, vendor_partner_なし, skill_set_なし"
P97C1F19B,P843305FF,1.0,10,"system_database_access_データウェアハウス, technology_stack_BI ツール, middleware_library_Docker/Kubernetes, vendor_partner_なし, skill_set_なし"
PCD9F74CB,PAD3FFAFB,1.0,10,"system_database_access_基幹業務システム, technology_stack_Java/.NET, middleware_library_なし, vendor_partner_Microsoft, skill_set_業務アナリスト"
PCD9F74CB,P18A662A0,1.0,10,"system_database_access_基幹業務システム, technology_stack_Java/.NET, middleware_library_なし, vendor_partner_Microsoft, skill_set_業務アナリスト"
PCD9F74CB,P4DDEDB18,1.0,10,"system_database_access_基幹業務システム, technology_stack_Java/.NET, middleware_library_なし, vendor_partner_Microsoft, skill_set_業務アナリスト"
PCD9F74CB,PD56D485C,1.0,10,"system_database_access_基幹業務システム, technology_stack_Java/.NET, middleware_library_なし, vendor_partner_Microsoft, skill_set_業務アナリスト"
PEA6922FB,P688143B0,1.0,10,"system_database_access_基幹業務システム, technology_stack_なし, middleware_library_Kafka/RabbitMQ, vendor_partner_なし, skill_set_なし"
PEA6922FB,P4F2ED53E,1.0,10,"system_database_access_基幹業務システム, technology_stack_なし, middleware_library_Kafka/RabbitMQ, vendor_partner_なし, skill_set_なし"
PEA6922FB,PFF7118ED,1.0,10,"system_database_access_基幹業務システム, technology_stack_なし, middleware_library_Kafka/RabbitMQ, vendor_partner_なし, skill_set_なし"
PEA6922FB,P07534DEB,1.0,10,"system_database_access_基幹業務システム, technology_stack_なし, middleware_library_Kafka/RabbitMQ, vendor_partner_なし, skill_set_なし"
P6C4CD3D4,P11A72586,1.0,10,"system_database_access_なし, technology_stack_React/Angular, middleware_library_Docker/Kubernetes, vendor_partner_IBM, skill_set_プロジェクトマネージャー"
P6C4CD3D4,PE9948E1F,1.0,10,"system_database_access_なし, technology_stack_React/Angular, middleware_library_Docker/Kubernetes, vendor_partner_IBM, skill_set_プロジェクトマネージャー"
P6C4CD3D4,P7B43B43A,1.0,10,"system_database_access_なし, technology_stack_React/Angular, middleware_library_Docker/Kubernetes, vendor_partner_IBM, skill_set_プロジェクトマネージャー"
P6C4CD3D4,P95EEE3FF,1.0,10,"system_database_access_なし, technology_stack_React/Angular, middleware_library_Docker/Kubernetes, vendor_partner_IBM, skill_set_プロジェクトマネージャー"
P73E768F4,PC0784921,1.0,10,"system_database_access_認証システム, technology_stack_React/Angular, middleware_library_Apache/Nginx, vendor_partner_SAP, skill_set_UI/UX デザイナー"
P73E768F4,PD73EE08E,1.0,10,"system_database_access_認証システム, technology_stack_React/Angular, middleware_library_Apache/Nginx, vendor_partner_SAP, skill_set_UI/UX デザイナー"
P73E768F4,PDB58B652,1.0,10,"system_database_access_認証システム, technology_stack_React/Angular, middleware_library_Apache/Nginx, vendor_partner_SAP, skill_set_UI/UX デザイナー"
P73E768F4,P061AC53E,1.0,10,"system_database_access_認証システム, technology_stack_React/Angular, middleware_library_Apache/Nginx, vendor_partner_SAP, skill_set_UI/UX デザイナー"
P6B0DB76A,P5DAD1EED,1.0,10,"system_database_access_基幹業務システム, technology_stack_React/Angular, middleware_library_Docker/Kubernetes, vendor_partner_なし, skill_set_なし"
P6B0DB76A,P9E744BCA,1.0,10,"system_database_access_基幹業務システム, technology_stack_React/Angular, middleware_library_Docker/Kubernetes, vendor_partner_なし, skill_set_なし"
P6B0DB76A,P4FC1D419,1.0,10,"system_database_access_基幹業務システム, technology_stack_React/Angular, middleware_library_Docker/Kubernetes, vendor_partner_なし, skill_set_なし"
P6B0DB76A,P35967427,1.0,10,"system_database_access_基幹業務システム, technology_stack_React/Angular, middleware_library_Docker/Kubernetes, vendor_partner_なし, skill_set_なし"
PC52CF02C,P18D7A8F0,1.0,10,"system_database_access_なし, technology_stack_Java/.NET, middleware_library_なし, vendor_partner_地場SI会社, skill_set_データサイエンティスト"
PC52CF02C,PB7EA2EFC,1.0,10,"system_database_access_なし, technology_stack_Java/.NET, middleware_library_なし, vendor_partner_地場SI会社, skill_set_データサイエンティスト"
PC52CF02C,PCA0A5741,1.0,10,"system_database_access_なし, technology_stack_Java/.NET, middleware_library_なし, vendor_partner_地場SI会社, skill_set_データサイエンティスト"
PC52CF02C,P0604F081,1.0,10,"system_database_access_なし, technology_stack_Java/.NET, middleware_library_なし, vendor_partner_地場SI会社, skill_set_データサイエンティスト"
P6292AF19,P6A295F57,1.0,10,"system_database_access_認証システム, technology_stack_なし, middleware_library_共通ライブラリ, vendor_partner_Salesforce, skill_set_プロジェクトマネージャー"
P6292AF19,PB7A8066A,1.0,10,"system_database_access_認証システム, technology_stack_なし, middleware_library_共通ライブラリ, vendor_partner_Salesforce, skill_set_プロジェクトマネージャー"
P6292AF19,P59E0E43A,1.0,10,"system_database_access_認証システム, technology_stack_なし, middleware_library_共通ライブラリ, vendor_partner_Salesforce, skill_set_プロジェクトマネージャー"
P334A571C,P6F310DCB,1.0,10,"system_database_access_顧客管理システム, technology_stack_なし, middleware_library_Kafka/RabbitMQ, vendor_partner_なし, skill_set_業務アナリスト"
P334A571C,P4BF07B51,1.0,10,"system_database_access_顧客管理システム, technology_stack_なし, middleware_library_Kafka/RabbitMQ, vendor_partner_なし, skill_set_業務アナリスト"
P13DF9F77,P64072335,1.0,10,"system_database_access_ファイルサーバー, technology_stack_BI ツール, middleware_library_共通ライブラリ, vendor_partner_なし, skill_set_Java 開発者"
P13DF9F77,P9062D8E5,1.0,10,"system_database_access_ファイルサーバー, technology_stack_BI ツール, middleware_library_共通ライブラリ, vendor_partner_なし, skill_set_Java 開発者"
P13DF9F77,PFA01E7FB,1.0,10,"system_database_access_ファイルサーバー, technology_stack_BI ツール, middleware_library_共通ライブラリ, vendor_partner_なし, skill_set_Java 開発者"
P13DF9F77,P27D7E851,1.0,10,"system_database_access_ファイルサーバー, technology_stack_BI ツール, middleware_library_共通ライブラリ, vendor_partner_なし, skill_set_Java 開発者"
PA42DF3B4,PE3CFAE7D,1.0,10,"system_database_access_認証システム, technology_stack_React/Angular, middleware_library_Docker/Kubernetes, vendor_partner_Oracle, skill_set_データサイエンティスト"
PA42DF3B4,P7C50A5BB,1.0,10,"system_database_access_認証システム, technology_stack_React/Angular, middleware_library_Docker/Kubernetes, vendor_partner_Oracle, skill_set_データサイエンティスト"
PA42DF3B4,P412ABCDD,1.0,10,"system_database_access_認証システム, technology_stack_React/Angular, middleware_library_Docker/Kubernetes, vendor_partner_Oracle, skill_set_データサイエンティスト"
PA42DF3B4,P375915B5,1.0,10,"system_database_access_認証システム, technology_stack_React/Angular, middleware_library_Docker/Kubernetes, vendor_partner_Oracle, skill_set_データサイエンティスト"
P46DB6B30,PDB1DFA59,1.0,10,"system_database_access_データウェアハウス, technology_stack_Java/.NET, middleware_library_Kafka/RabbitMQ, vendor_partner_IBM, skill_set_データサイエンティスト"
P46DB6B30,P2813B4D3,1.0,10,"system_database_access_データウェアハウス, technology_stack_Java/.NET, middleware_library_Kafka/RabbitMQ, vendor_partner_IBM, skill_set_データサイエンティスト"
P46DB6B30,P724F58F2,1.0,10,"system_database_access_データウェアハウス, technology_stack_Java/.NET, middleware_library_Kafka/RabbitMQ, vendor_partner_IBM, skill_set_データサイエンティスト"
P46DB6B30,P7492EEC3,1.0,10,"system_database_access_データウェアハウス, technology_stack_Java/.NET, middleware_library_Kafka/RabbitMQ, vendor_partner_IBM, skill_set_データサイエンティスト"
P7D5D7017,PCF3BAC50,1.0,10,"system_database_access_なし, technology_stack_なし, middleware_library_なし, vendor_partner_IBM, skill_set_プロジェクトマネージャー"
P7D5D7017,PC8EBCE69,1.0,10,"system_database_access_なし, technology_stack_なし, middleware_library_なし, vendor_partner_IBM, skill_set_プロジェクトマネージャー"
P7D5D7017,P382ED222,1.0,10,"system_database_access_なし, technology_stack_なし, middleware_library_なし, vendor_partner_IBM, skill_set_プロジェクトマネージャー"
P7D5D7017,P1C1F1F4D,1.0,10,"system_database_access_なし, technology_stack_なし, middleware_library_なし, vendor_partner_IBM, skill_set_プロジェクトマネージャー"
PFF5F39A3,P15CF12FE,1.0,10,"system_database_access_データウェアハウス, technology_stack_React/Angular, middleware_library_Redis/Memcached, vendor_partner_地場SI会社, skill_set_Java 開発者"
PFF5F39A3,P0589C4F5,1.0,10,"system_database_access_データウェアハウス, technology_stack_React/Angular, middleware_library_Redis/Memcached, vendor_partner_地場SI会社, skill_set_Java 開発者"
PFF5F39A3,PB259FA64,1.0,10,"system_database_access_データウェアハウス, technology_stack_React/Angular, middleware_library_Redis/Memcached, vendor_partner_地場SI会社, skill_set_Java 開発者"
PFF5F39A3,P6388B76C,1.0,10,"system_database_access_データウェアハウス, technology_stack_React/Angular, middleware_library_Redis/Memcached, vendor_partner_地場SI会社, skill_set_Java 開発者"
PD29D3DA3,P362A0767,1.0,10,"system_database_access_基幹業務システム, technology_stack_REST API, middleware_library_Kafka/RabbitMQ, vendor_partner_IBM, skill_set_Java 開発者"
PD29D3DA3,PC59DEE4D,1.0,10,"system_database_access_基幹業務システム, technology_stack_REST API, middleware_library_Kafka/RabbitMQ, vendor_partner_IBM, skill_set_Java 開発者"
PD29D3DA3,PB2C7833B,1.0,10,"system_database_access_基幹業務システム, technology_stack_REST API, middleware_library_Kafka/RabbitMQ, vendor_partner_IBM, skill_set_Java 開発者"
PD29D3DA3,PD32E2F8E,1.0,10,"system_database_access_基幹業務システム, technology_stack_REST API, middleware_library_Kafka/RabbitMQ, vendor_partner_IBM, skill_set_Java 開発者"
PA2732F4F,P06CD9047,1.0,10,"system_database_access_顧客管理システム, technology_stack_AWS/Azure クラウド, middleware_library_Apache/Nginx, vendor_partner_Microsoft, skill_set_データサイエンティスト"
PA2732F4F,P990EFC47,1.0,10,"system_database_access_顧客管理システム, technology_stack_AWS/Azure クラウド, middleware_library_Apache/Nginx, vendor_partner_Microsoft, skill_set_データサイエンティスト"
P334A571C,P687CA718,1.0,10,"system_database_access_顧客管理システム, technology_stack_なし, middleware_library_Kafka/RabbitMQ, vendor_partner_なし, skill_set_業務アナリスト"
P334A571C,P8345CA60,1.0,10,"system_database_access_顧客管理システム, technology_stack_なし, middleware_library_Kafka/RabbitMQ, vendor_partner_なし, skill_set_業務アナリスト"
P6292AF19,PAD5E31A8,1.0,10,"system_database_access_認証システム, technology_stack_なし, middleware_library_共通ライブラリ, vendor_partner_Salesforce, skill_set_プロジェクトマネージャー"
PAB23F514,P580D5DBC,1.0,10,"system_database_access_基幹業務システム, technology_stack_React/Angular, middleware_library_Apache/Nginx, vendor_partner_IBM, skill_set_業務アナリスト"
PC5479B0B,PEC168760,1.0,10,"system_database_access_顧客管理システム, technology_stack_AWS/Azure クラウド, middleware_library_共通ライブラリ, vendor_partner_SAP, skill_set_プロジェクトマネージャー"
PC5479B0B,P7CAE2637,1.0,10,"system_database_access_顧客管理システム, technology_stack_AWS/Azure クラウド, middleware_library_共通ライブラリ, vendor_partner_SAP, skill_set_プロジェクトマネージャー"
PC5479B0B,PDD0AB387,1.0,10,"system_database_access_顧客管理システム, technology_stack_AWS/Azure クラウド, middleware_library_共通ライブラリ, vendor_partner_SAP, skill_set_プロジェクトマネージャー"
PC5479B0B,P50A90B7F,1.0,10,"system_database_access_顧客管理システム, technology_stack_AWS/Azure クラウド, middleware_library_共通ライブラリ, vendor_partner_SAP, skill_set_プロジェクトマネージャー"
P89E20637,PC28EC851,1.0,10,"system_database_access_認証システム, technology_stack_AWS/Azure クラウド, middleware_library_Docker/Kubernetes, vendor_partner_Oracle, skill_set_なし"
P89E20637,P032FBB5F,1.0,10,"system_database_access_認証システム, technology_stack_AWS/Azure クラウド, middleware_library_Docker/Kubernetes, vendor_partner_Oracle, skill_set_なし"
P89E20637,PF7155950,1.0,10,"system_database_access_認証システム, technology_stack_AWS/Azure クラウド, middleware_library_Docker/Kubernetes, vendor_partner_Oracle, skill_set_なし"
P89E20637,P7BF14109,1.0,10,"system_database_access_認証システム, technology_stack_AWS/Azure クラウド, middleware_library_Docker/Kubernetes, vendor_partner_Oracle, skill_set_なし"
PFEB8D104,P3181C6D5,1.0,10,"system_database_access_基幹業務システム, technology_stack_AWS/Azure クラウド, middleware_library_Docker/Kubernetes, vendor_partner_なし, skill_set_なし"
PFEB8D104,P66308F34,1.0,10,"system_database_access_基幹業務システム, technology_stack_AWS/Azure クラウド, middleware_library_Docker/Kubernetes, vendor_partner_なし, skill_set_なし"
PFEB8D104,PD5FCE918,1.0,10,"system_database_access_基幹業務システム, technology_stack_AWS/Azure クラウド, middleware_library_Docker/Kubernetes, vendor_partner_なし, skill_set_なし"
PFEB8D104,PDC9F38F5,1.0,10,"system_database_access_基幹業務システム, technology_stack_AWS/Azure クラウド, middleware_library_Docker/Kubernetes, vendor_partner_なし, skill_set_なし"
PFDA3451E,PE9F98ACE,1.0,10,"system_database_access_認証システム, technology_stack_なし, middleware_library_Apache/Nginx, vendor_partner_地場SI会社, skill_set_業務アナリスト"
PFDA3451E,P69D1F287,1.0,10,"system_database_access_認証システム, technology_stack_なし, middleware_library_Apache/Nginx, vendor_partner_地場SI会社, skill_set_業務アナリスト"
PFDA3451E,PB1FDFABA,1.0,10,"system_database_access_認証システム, technology_stack_なし, middleware_library_Apache/Nginx, vendor_partner_地場SI会社, skill_set_業務アナリスト"
PFDA3451E,P0BDA5483,1.0,10,"system_database_access_認証システム, technology_stack_なし, middleware_library_Apache/Nginx, vendor_partner_地場SI会社, skill_set_業務アナリスト"
PDD67DB93,P98805C3E,1.0,10,"system_database_access_顧客管理システム, technology_stack_React/Angular, middleware_library_Redis/Memcached, vendor_partner_Oracle, skill_set_業務アナリスト"
PDD67DB93,PAB5FA13F,1.0,10,"system_database_access_顧客管理システム, technology_stack_React/Angular, middleware_library_Redis/Memcached, vendor_partner_Oracle, skill_set_業務アナリスト"
PDD67DB93,P050159F0,1.0,10,"system_database_access_顧客管理システム, technology_stack_React/Angular, middleware_library_Redis/Memcached, vendor_partner_Oracle, skill_set_業務アナリスト"
PDD67DB93,P4F15105E,1.0,10,"system_database_access_顧客管理システム, technology_stack_React/Angular, middleware_library_Redis/Memcached, vendor_partner_Oracle, skill_set_業務アナリスト"
PF36BB904,P8EF41966,1.0,10,"system_database_access_なし, technology_stack_BI ツール, middleware_library_Docker/Kubernetes, vendor_partner_Salesforce, skill_set_UI/UX デザイナー"
PF36BB904,PF3C649B1,1.0,10,"system_database_access_なし, technology_stack_BI ツール, middleware_library_Docker/Kubernetes, vendor_partner_Salesforce, skill_set_UI/UX デザイナー"
PF36BB904,P10BDDC9A,1.0,10,"system_database_access_なし, technology_stack_BI ツール, middleware_library_Docker/Kubernetes, vendor_partner_Salesforce, skill_set_UI/UX デザイナー"
PF36BB904,P1C093F08,1.0,10,"system_database_access_なし, technology_stack_BI ツール, middleware_library_Docker/Kubernetes, vendor_partner_Salesforce, skill_set_UI/UX デザイナー"
PAB23F514,PD1F507D1,1.0,10,"system_database_access_基幹業務システム, technology_stack_React/Angular, middleware_library_Apache/Nginx, vendor_partner_IBM, skill_set_業務アナリスト"
PAB23F514,P444AD886,1.0,10,"system_database_access_基幹業務システム, technology_stack_React/Angular, middleware_library_Apache/Nginx, vendor_partner_IBM, skill_set_業務アナリスト"
PAB23F514,PDB31A11B,1.0,10,"system_database_access_基幹業務システム, technology_stack_React/Angular, middleware_library_Apache/Nginx, vendor_partner_IBM, skill_set_業務アナリスト"
P97C1F19B,P67254793,1.0,10,"system_database_access_データウェアハウス, technology_stack_BI ツール, middleware_library_Docker/Kubernetes, vendor_partner_なし, skill_set_なし"
P1A7BFD0F,P62F66210,1.0,10,"system_database_access_認証システム, technology_stack_なし, middleware_library_Redis/Memcached, vendor_partner_なし, skill_set_UI/UX デザイナー"
P44BF3671,PA4D0DC2F,1.0,10,"system_database_access_認証システム, technology_stack_React/Angular, middleware_library_共通ライブラリ, vendor_partner_IBM, skill_set_Java 開発者"
PD32E2F8E,PB2C7833B,1.0,10,"system_database_access_基幹業務システム, technology_stack_REST API, middleware_library_Kafka/RabbitMQ, vendor_partner_IBM, skill_set_Java 開発者"
P375915B5,P7C50A5BB,1.0,10,"system_database_access_認証システム, technology_stack_React/Angular, middleware_library_Docker/Kubernetes, vendor_partner_Oracle, skill_set_データサイエンティスト"
P375915B5,P412ABCDD,1.0,10,"system_database_access_認証システム, technology_stack_React/Angular, middleware_library_Docker/Kubernetes, vendor_partner_Oracle, skill_set_データサイエンティスト"
P7492EEC3,PDB1DFA59,1.0,10,"system_database_access_データウェアハウス, technology_stack_Java/.NET, middleware_library_Kafka/RabbitMQ, vendor_partner_IBM, skill_set_データサイエンティスト"
P7492EEC3,P2813B4D3,1.0,10,"system_database_access_データウェアハウス, technology_stack_Java/.NET, middleware_library_Kafka/RabbitMQ, vendor_partner_IBM, skill_set_データサイエンティスト"
P7492EEC3,P724F58F2,1.0,10,"system_database_access_データウェアハウス, technology_stack_Java/.NET, middleware_library_Kafka/RabbitMQ, vendor_partner_IBM, skill_set_データサイエンティスト"
P1C1F1F4D,PCF3BAC50,1.0,10,"system_database_access_なし, technology_stack_なし, middleware_library_なし, vendor_partner_IBM, skill_set_プロジェクトマネージャー"
P1C1F1F4D,PC8EBCE69,1.0,10,"system_database_access_なし, technology_stack_なし, middleware_library_なし, vendor_partner_IBM, skill_set_プロジェクトマネージャー"
P1C1F1F4D,P382ED222,1.0,10,"system_database_access_なし, technology_stack_なし, middleware_library_なし, vendor_partner_IBM, skill_set_プロジェクトマネージャー"
P6388B76C,P15CF12FE,1.0,10,"system_database_access_データウェアハウス, technology_stack_React/Angular, middleware_library_Redis/Memcached, vendor_partner_地場SI会社, skill_set_Java 開発者"
P6388B76C,P0589C4F5,1.0,10,"system_database_access_データウェアハウス, technology_stack_React/Angular, middleware_library_Redis/Memcached, vendor_partner_地場SI会社, skill_set_Java 開発者"
P6388B76C,PB259FA64,1.0,10,"system_database_access_データウェアハウス, technology_stack_React/Angular, middleware_library_Redis/Memcached, vendor_partner_地場SI会社, skill_set_Java 開発者"
PD32E2F8E,P362A0767,1.0,10,"system_database_access_基幹業務システム, technology_stack_REST API, middleware_library_Kafka/RabbitMQ, vendor_partner_IBM, skill_set_Java 開発者"
PD32E2F8E,PC59DEE4D,1.0,10,"system_database_access_基幹業務システム, technology_stack_REST API, middleware_library_Kafka/RabbitMQ, vendor_partner_IBM, skill_set_Java 開発者"
P937D2FA3,P06CD9047,1.0,10,"system_database_access_顧客管理システム, technology_stack_AWS/Azure クラウド, middleware_library_Apache/Nginx, vendor_partner_Microsoft, skill_set_データサイエンティスト"
P1A7BFD0F,PFB134A65,1.0,10,"system_database_access_認証システム, technology_stack_なし, middleware_library_Redis/Memcached, vendor_partner_なし, skill_set_UI/UX デザイナー"
P937D2FA3,P990EFC47,1.0,10,"system_database_access_顧客管理システム, technology_stack_AWS/Azure クラウド, middleware_library_Apache/Nginx, vendor_partner_Microsoft, skill_set_データサイエンティスト"
P937D2FA3,P2F47FC5B,1.0,10,"system_database_access_顧客管理システム, technology_stack_AWS/Azure クラウド, middleware_library_Apache/Nginx, vendor_partner_Microsoft, skill_set_データサイエンティスト"
PB1270DC1,P46EDFB92,1.0,10,"system_database_access_顧客管理システム, technology_stack_React/Angular, middleware_library_Docker/Kubernetes, vendor_partner_IBM, skill_set_データサイエンティスト"
PB1270DC1,PA53F2C5A,1.0,10,"system_database_access_顧客管理システム, technology_stack_React/Angular, middleware_library_Docker/Kubernetes, vendor_partner_IBM, skill_set_データサイエンティスト"
PB1270DC1,P39AADD22,1.0,10,"system_database_access_顧客管理システム, technology_stack_React/Angular, middleware_library_Docker/Kubernetes, vendor_partner_IBM, skill_set_データサイエンティスト"
PB1270DC1,PA3574EF6,1.0,10,"system_database_access_顧客管理システム, technology_stack_React/Angular, middleware_library_Docker/Kubernetes, vendor_partner_IBM, skill_set_データサイエンティスト"
PCCC20165,P3683AD7A,1.0,10,"system_database_access_データウェアハウス, technology_stack_React/Angular, middleware_library_Docker/Kubernetes, vendor_partner_地場SI会社, skill_set_UI/UX デザイナー"
PCCC20165,PBF48C170,1.0,10,"system_database_access_データウェアハウス, technology_stack_React/Angular, middleware_library_Docker/Kubernetes, vendor_partner_地場SI会社, skill_set_UI/UX デザイナー"
PCCC20165,PAA45C4E7,1.0,10,"system_database_access_データウェアハウス, technology_stack_React/Angular, middleware_library_Docker/Kubernetes, vendor_partner_地場SI会社, skill_set_UI/UX デザイナー"
PCCC20165,P99093CF6,1.0,10,"system_database_access_データウェアハウス, technology_stack_React/Angular, middleware_library_Docker/Kubernetes, vendor_partner_地場SI会社, skill_set_UI/UX デザイナー"
PE304D647,P4B6E503B,1.0,10,"system_database_access_データウェアハウス, technology_stack_なし, middleware_library_Docker/Kubernetes, vendor_partner_なし, skill_set_なし"
PE304D647,P592A04AB,1.0,10,"system_database_access_データウェアハウス, technology_stack_なし, middleware_library_Docker/Kubernetes, vendor_partner_なし, skill_set_なし"
PE304D647,PF502D716,1.0,10,"system_database_access_データウェアハウス, technology_stack_なし, middleware_library_Docker/Kubernetes, vendor_partner_なし, skill_set_なし"
P375915B5,PE3CFAE7D,1.0,10,"system_database_access_認証システム, technology_stack_React/Angular, middleware_library_Docker/Kubernetes, vendor_partner_Oracle, skill_set_データサイエンティスト"
P27D7E851,PFA01E7FB,1.0,10,"system_database_access_ファイルサーバー, technology_stack_BI ツール, middleware_library_共通ライブラリ, vendor_partner_なし, skill_set_Java 開発者"
P27D7E851,P9062D8E5,1.0,10,"system_database_access_ファイルサーバー, technology_stack_BI ツール, middleware_library_共通ライブラリ, vendor_partner_なし, skill_set_Java 開発者"
P27D7E851,P64072335,1.0,10,"system_database_access_ファイルサーバー, technology_stack_BI ツール, middleware_library_共通ライブラリ, vendor_partner_なし, skill_set_Java 開発者"
PAD5E31A8,P6A295F57,1.0,10,"system_database_access_認証システム, technology_stack_なし, middleware_library_共通ライブラリ, vendor_partner_Salesforce, skill_set_プロジェクトマネージャー"
PAD5E31A8,PB7A8066A,1.0,10,"system_database_access_認証システム, technology_stack_なし, middleware_library_共通ライブラリ, vendor_partner_Salesforce, skill_set_プロジェクトマネージャー"
PAD5E31A8,P59E0E43A,1.0,10,"system_database_access_認証システム, technology_stack_なし, middleware_library_共通ライブラリ, vendor_partner_Salesforce, skill_set_プロジェクトマネージャー"
P50A90B7F,PEC168760,1.0,10,"system_database_access_顧客管理システム, technology_stack_AWS/Azure クラウド, middleware_library_共通ライブラリ, vendor_partner_SAP, skill_set_プロジェクトマネージャー"
P50A90B7F,P7CAE2637,1.0,10,"system_database_access_顧客管理システム, technology_stack_AWS/Azure クラウド, middleware_library_共通ライブラリ, vendor_partner_SAP, skill_set_プロジェクトマネージャー"
P50A90B7F,PDD0AB387,1.0,10,"system_database_access_顧客管理システム, technology_stack_AWS/Azure クラウド, middleware_library_共通ライブラリ, vendor_partner_SAP, skill_set_プロジェクトマネージャー"
P7BF14109,PC28EC851,1.0,10,"system_database_access_認証システム, technology_stack_AWS/Azure クラウド, middleware_library_Docker/Kubernetes, vendor_partner_Oracle, skill_set_なし"
P7BF14109,P032FBB5F,1.0,10,"system_database_access_認証システム, technology_stack_AWS/Azure クラウド, middleware_library_Docker/Kubernetes, vendor_partner_Oracle, skill_set_なし"
P7BF14109,PF7155950,1.0,10,"system_database_access_認証システム, technology_stack_AWS/Azure クラウド, middleware_library_Docker/Kubernetes, vendor_partner_Oracle, skill_set_なし"
PDC9F38F5,P3181C6D5,1.0,10,"system_database_access_基幹業務システム, technology_stack_AWS/Azure クラウド, middleware_library_Docker/Kubernetes, vendor_partner_なし, skill_set_なし"
PDC9F38F5,P66308F34,1.0,10,"system_database_access_基幹業務システム, technology_stack_AWS/Azure クラウド, middleware_library_Docker/Kubernetes, vendor_partner_なし, skill_set_なし"
PDC9F38F5,PD5FCE918,1.0,10,"system_database_access_基幹業務システム, technology_stack_AWS/Azure クラウド, middleware_library_Docker/Kubernetes, vendor_partner_なし, skill_set_なし"
P0BDA5483,PE9F98ACE,1.0,10,"system_database_access_認証システム, technology_stack_なし, middleware_library_Apache/Nginx, vendor_partner_地場SI会社, skill_set_業務アナリスト"
P0BDA5483,P69D1F287,1.0,10,"system_database_access_認証システム, technology_stack_なし, middleware_library_Apache/Nginx, vendor_partner_地場SI会社, skill_set_業務アナリスト"
P0BDA5483,PB1FDFABA,1.0,10,"system_database_access_認証システム, technology_stack_なし, middleware_library_Apache/Nginx, vendor_partner_地場SI会社, skill_set_業務アナリスト"
P4F15105E,P98805C3E,1.0,10,"system_database_access_顧客管理システム, technology_stack_React/Angular, middleware_library_Redis/Memcached, vendor_partner_Oracle, skill_set_業務アナリスト"
P4F15105E,PAB5FA13F,1.0,10,"system_database_access_顧客管理システム, technology_stack_React/Angular, middleware_library_Redis/Memcached, vendor_partner_Oracle, skill_set_業務アナリスト"
P4F15105E,P050159F0,1.0,10,"system_database_access_顧客管理システム, technology_stack_React/Angular, middleware_library_Redis/Memcached, vendor_partner_Oracle, skill_set_業務アナリスト"
P1C093F08,P8EF41966,1.0,10,"system_database_access_なし, technology_stack_BI ツール, middleware_library_Docker/Kubernetes, vendor_partner_Salesforce, skill_set_UI/UX デザイナー"
P1C093F08,PF3C649B1,1.0,10,"system_database_access_なし, technology_stack_BI ツール, middleware_library_Docker/Kubernetes, vendor_partner_Salesforce, skill_set_UI/UX デザイナー"
P1C093F08,P10BDDC9A,1.0,10,"system_database_access_なし, technology_stack_BI ツール, middleware_library_Docker/Kubernetes, vendor_partner_Salesforce, skill_set_UI/UX デザイナー"
P580D5DBC,PD1F507D1,1.0,10,"system_database_access_基幹業務システム, technology_stack_React/Angular, middleware_library_Apache/Nginx, vendor_partner_IBM, skill_set_業務アナリスト"
P580D5DBC,P444AD886,1.0,10,"system_database_access_基幹業務システム, technology_stack_React/Angular, middleware_library_Apache/Nginx, vendor_partner_IBM, skill_set_業務アナリスト"
P580D5DBC,PDB31A11B,1.0,10,"system_database_access_基幹業務システム, technology_stack_React/Angular, middleware_library_Apache/Nginx, vendor_partner_IBM, skill_set_業務アナリスト"
P4BF07B51,P8345CA60,1.0,10,"system_database_access_顧客管理システム, technology_stack_なし, middleware_library_Kafka/RabbitMQ, vendor_partner_なし, skill_set_業務アナリスト"
P4BF07B51,P6F310DCB,1.0,10,"system_database_access_顧客管理システム, technology_stack_なし, middleware_library_Kafka/RabbitMQ, vendor_partner_なし, skill_set_業務アナリスト"
P4BF07B51,P687CA718,1.0,10,"system_database_access_顧客管理システム, technology_stack_なし, middleware_library_Kafka/RabbitMQ, vendor_partner_なし, skill_set_業務アナリスト"
PE304D647,P000ED180,1.0,10,"system_database_access_データウェアハウス, technology_stack_なし, middleware_library_Docker/Kubernetes, vendor_partner_なし, skill_set_なし"
P1AB5AD99,P50EE0CEE,1.0,10,"system_database_access_ファイルサーバー, technology_stack_なし, middleware_library_Docker/Kubernetes, vendor_partner_Oracle, skill_set_データサイエンティスト"
P1AB5AD99,P44A0A641,1.0,10,"system_database_access_ファイルサーバー, technology_stack_なし, middleware_library_Docker/Kubernetes, vendor_partner_Oracle, skill_set_データサイエンティスト"
P63396231,P219882E1,1.0,10,"system_database_access_認証システム, technology_stack_なし, middleware_library_Redis/Memcached, vendor_partner_Oracle, skill_set_業務アナリスト"
P63396231,P6D7A47CE,1.0,10,"system_database_access_認証システム, technology_stack_なし, middleware_library_Redis/Memcached, vendor_partner_Oracle, skill_set_業務アナリスト"
P63396231,P6AE8CDC7,1.0,10,"system_database_access_認証システム, technology_stack_なし, middleware_library_Redis/Memcached, vendor_partner_Oracle, skill_set_業務アナリスト"
P2A70C04D,P2A1B9CF0,1.0,10,"system_database_access_データウェアハウス, technology_stack_React/Angular, middleware_library_なし, vendor_partner_Oracle, skill_set_プロジェクトマネージャー"
P2A70C04D,P93F97C2D,1.0,10,"system_database_access_データウェアハウス, technology_stack_React/Angular, middleware_library_なし, vendor_partner_Oracle, skill_set_プロジェクトマネージャー"
P2A70C04D,PCC30A890,1.0,10,"system_database_access_データウェアハウス, technology_stack_React/Angular, middleware_library_なし, vendor_partner_Oracle, skill_set_プロジェクトマネージャー"
P2A70C04D,P4FF59CF0,1.0,10,"system_database_access_データウェアハウス, technology_stack_React/Angular, middleware_library_なし, vendor_partner_Oracle, skill_set_プロジェクトマネージャー"
PD8CEA032,PC5853B67,1.0,10,"system_database_access_なし, technology_stack_React/Angular, middleware_library_Kafka/RabbitMQ, vendor_partner_Oracle, skill_set_なし"
PD8CEA032,P97590A48,1.0,10,"system_database_access_なし, technology_stack_React/Angular, middleware_library_Kafka/RabbitMQ, vendor_partner_Oracle, skill_set_なし"
PD8CEA032,P30B1A7F0,1.0,10,"system_database_access_なし, technology_stack_React/Angular, middleware_library_Kafka/RabbitMQ, vendor_partner_Oracle, skill_set_なし"
PD8CEA032,PC6CC46E1,1.0,10,"system_database_access_なし, technology_stack_React/Angular, middleware_library_Kafka/RabbitMQ, vendor_partner_Oracle, skill_set_なし"
P57E72D24,P56BCF173,1.0,10,"system_database_access_なし, technology_stack_BI ツール, middleware_library_Apache/Nginx, vendor_partner_なし, skill_set_UI/UX デザイナー"
P57E72D24,PEF41AF05,1.0,10,"system_database_access_なし, technology_stack_BI ツール, middleware_library_Apache/Nginx, vendor_partner_なし, skill_set_UI/UX デザイナー"
P57E72D24,P0BC25F09,1.0,10,"system_database_access_なし, technology_stack_BI ツール, middleware_library_Apache/Nginx, vendor_partner_なし, skill_set_UI/UX デザイナー"
P57E72D24,P3C20EA69,1.0,10,"system_database_access_なし, technology_stack_BI ツール, middleware_library_Apache/Nginx, vendor_partner_なし, skill_set_UI/UX デザイナー"
P5E4D8F2A,PF06FB9CD,1.0,10,"system_database_access_顧客管理システム, technology_stack_BI ツール, middleware_library_共通ライブラリ, vendor_partner_地場SI会社, skill_set_UI/UX デザイナー"
P5E4D8F2A,PC36F236F,1.0,10,"system_database_access_顧客管理システム, technology_stack_BI ツール, middleware_library_共通ライブラリ, vendor_partner_地場SI会社, skill_set_UI/UX デザイナー"
P5E4D8F2A,PF419A77F,1.0,10,"system_database_access_顧客管理システム, technology_stack_BI ツール, middleware_library_共通ライブラリ, vendor_partner_地場SI会社, skill_set_UI/UX デザイナー"
P5E4D8F2A,PB33410C1,1.0,10,"system_database_access_顧客管理システム, technology_stack_BI ツール, middleware_library_共通ライブラリ, vendor_partner_地場SI会社, skill_set_UI/UX デザイナー"
P7B876BDF,P57733615,1.0,10,"system_database_access_顧客管理システム, technology_stack_React/Angular, middleware_library_Redis/Memcached, vendor_partner_Microsoft, skill_set_データサイエンティスト"
P7B876BDF,P25BF5533,1.0,10,"system_database_access_顧客管理システム, technology_stack_React/Angular, middleware_library_Redis/Memcached, vendor_partner_Microsoft, skill_set_データサイエンティスト"
P7B876BDF,P9959560A,1.0,10,"system_database_access_顧客管理システム, technology_stack_React/Angular, middleware_library_Redis/Memcached, vendor_partner_Microsoft, skill_set_データサイエンティスト"
P7B876BDF,PFB1EE3D8,1.0,10,"system_database_access_顧客管理システム, technology_stack_React/Angular, middleware_library_Redis/Memcached, vendor_partner_Microsoft, skill_set_データサイエンティスト"
P1F1A4F39,P8174433D,1.0,10,"system_database_access_認証システム, technology_stack_BI ツール, middleware_library_Kafka/RabbitMQ, vendor_partner_なし, skill_set_UI/UX デザイナー"
P1F1A4F39,P05BAA237,1.0,10,"system_database_access_認証システム, technology_stack_BI ツール, middleware_library_Kafka/RabbitMQ, vendor_partner_なし, skill_set_UI/UX デザイナー"
P1F1A4F39,P5FB72F3F,1.0,10,"system_database_access_認証システム, technology_stack_BI ツール, middleware_library_Kafka/RabbitMQ, vendor_partner_なし, skill_set_UI/UX デザイナー"
P1F1A4F39,P70E4C4A0,1.0,10,"system_database_access_認証システム, technology_stack_BI ツール, middleware_library_Kafka/RabbitMQ, vendor_partner_なし, skill_set_UI/UX デザイナー"
P1A7BFD0F,PDFBBC197,1.0,10,"system_database_access_認証システム, technology_stack_なし, middleware_library_Redis/Memcached, vendor_partner_なし, skill_set_UI/UX デザイナー"
P63396231,P84F74DB0,1.0,10,"system_database_access_認証システム, technology_stack_なし, middleware_library_Redis/Memcached, vendor_partner_Oracle, skill_set_業務アナリスト"
PE6C8D74E,P9B6ECA12,1.0,10,"system_database_access_顧客管理システム, technology_stack_なし, middleware_library_Redis/Memcached, vendor_partner_Oracle, skill_set_Java 開発者"
P1AB5AD99,PA8A1D377,1.0,10,"system_database_access_ファイルサーバー, technology_stack_なし, middleware_library_Docker/Kubernetes, vendor_partner_Oracle, skill_set_データサイエンティスト"
PE6C8D74E,PF296AD81,1.0,10,"system_database_access_顧客管理システム, technology_stack_なし, middleware_library_Redis/Memcached, vendor_partner_Oracle, skill_set_Java 開発者"
P1AB5AD99,P3B5916DA,1.0,10,"system_database_access_ファイルサーバー, technology_stack_なし, middleware_library_Docker/Kubernetes, vendor_partner_Oracle, skill_set_データサイエンティスト"
PED7D58E7,PDAB6ACBA,1.0,10,"system_database_access_認証システム, technology_stack_AWS/Azure クラウド, middleware_library_共通ライブラリ, vendor_partner_IBM, skill_set_UI/UX デザイナー"
PED7D58E7,PF1DCA28C,1.0,10,"system_database_access_認証システム, technology_stack_AWS/Azure クラウド, middleware_library_共通ライブラリ, vendor_partner_IBM, skill_set_UI/UX デザイナー"
PED7D58E7,PB84ACF6D,1.0,10,"system_database_access_認証システム, technology_stack_AWS/Azure クラウド, middleware_library_共通ライブラリ, vendor_partner_IBM, skill_set_UI/UX デザイナー"
PED7D58E7,PAA3885A1,1.0,10,"system_database_access_認証システム, technology_stack_AWS/Azure クラウド, middleware_library_共通ライブラリ, vendor_partner_IBM, skill_set_UI/UX デザイナー"
PDD72C39C,PEDFE5DD0,1.0,10,"system_database_access_ファイルサーバー, technology_stack_REST API, middleware_library_なし, vendor_partner_Microsoft, skill_set_インフラエンジニア"
PDD72C39C,P14234D41,1.0,10,"system_database_access_ファイルサーバー, technology_stack_REST API, middleware_library_なし, vendor_partner_Microsoft, skill_set_インフラエンジニア"
PDD72C39C,PBC4693B1,1.0,10,"system_database_access_ファイルサーバー, technology_stack_REST API, middleware_library_なし, vendor_partner_Microsoft, skill_set_インフラエンジニア"
PDD72C39C,P9A6FDDD1,1.0,10,"system_database_access_ファイルサーバー, technology_stack_REST API, middleware_library_なし, vendor_partner_Microsoft, skill_set_インフラエンジニア"
PCFA60FF9,P63FAC9FD,1.0,10,"system_database_access_顧客管理システム, technology_stack_REST API, middleware_library_Apache/Nginx, vendor_partner_SAP, skill_set_UI/UX デザイナー"
PCFA60FF9,PAE47CD1E,1.0,10,"system_database_access_顧客管理システム, technology_stack_REST API, middleware_library_Apache/Nginx, vendor_partner_SAP, skill_set_UI/UX デザイナー"
PCFA60FF9,P5FE7884C,1.0,10,"system_database_access_顧客管理システム, technology_stack_REST API, middleware_library_Apache/Nginx, vendor_partner_SAP, skill_set_UI/UX デザイナー"
PCFA60FF9,PD6AD48DD,1.0,10,"system_database_access_顧客管理システム, technology_stack_REST API, middleware_library_Apache/Nginx, vendor_partner_SAP, skill_set_UI/UX デザイナー"
PA77856F1,P363A49D0,1.0,10,"system_database_access_ファイルサーバー, technology_stack_REST API, middleware_library_共通ライブラリ, vendor_partner_SAP, skill_set_UI/UX デザイナー"
PA77856F1,PFD43A03A,1.0,10,"system_database_access_ファイルサーバー, technology_stack_REST API, middleware_library_共通ライブラリ, vendor_partner_SAP, skill_set_UI/UX デザイナー"
PA77856F1,PE32EF89E,1.0,10,"system_database_access_ファイルサーバー, technology_stack_REST API, middleware_library_共通ライブラリ, vendor_partner_SAP, skill_set_UI/UX デザイナー"
PA77856F1,PBD8A5670,1.0,10,"system_database_access_ファイルサーバー, technology_stack_REST API, middleware_library_共通ライブラリ, vendor_partner_SAP, skill_set_UI/UX デザイナー"
PE6EB38AF,P5D1AB825,1.0,10,"system_database_access_顧客管理システム, technology_stack_BI ツール, middleware_library_Docker/Kubernetes, vendor_partner_IBM, skill_set_なし"
PE6EB38AF,P01DE852E,1.0,10,"system_database_access_顧客管理システム, technology_stack_BI ツール, middleware_library_Docker/Kubernetes, vendor_partner_IBM, skill_set_なし"
PE6EB38AF,P7E4A112E,1.0,10,"system_database_access_顧客管理システム, technology_stack_BI ツール, middleware_library_Docker/Kubernetes, vendor_partner_IBM, skill_set_なし"
PE6EB38AF,PC9636DB9,1.0,10,"system_database_access_顧客管理システム, technology_stack_BI ツール, middleware_library_Docker/Kubernetes, vendor_partner_IBM, skill_set_なし"
P06A8A56F,P6B83E9C0,1.0,10,"system_database_access_データウェアハウス, technology_stack_AWS/Azure クラウド, middleware_library_なし, vendor_partner_Salesforce, skill_set_データサイエンティスト"
P06A8A56F,P45C7BCE4,1.0,10,"system_database_access_データウェアハウス, technology_stack_AWS/Azure クラウド, middleware_library_なし, vendor_partner_Salesforce, skill_set_データサイエンティスト"
P06A8A56F,P05D99F62,1.0,10,"system_database_access_データウェアハウス, technology_stack_AWS/Azure クラウド, middleware_library_なし, vendor_partner_Salesforce, skill_set_データサイエンティスト"
P06A8A56F,PB33F762D,1.0,10,"system_database_access_データウェアハウス, technology_stack_AWS/Azure クラウド, middleware_library_なし, vendor_partner_Salesforce, skill_set_データサイエンティスト"
PE6C8D74E,PADC59CA1,1.0,10,"system_database_access_顧客管理システム, technology_stack_なし, middleware_library_Redis/Memcached, vendor_partner_Oracle, skill_set_Java 開発者"
PE6C8D74E,P7B427339,1.0,10,"system_database_access_顧客管理システム, technology_stack_なし, middleware_library_Redis/Memcached, vendor_partner_Oracle, skill_set_Java 開発者"
PA53F2C5A,P46EDFB92,1.0,10,"system_database_access_顧客管理システム, technology_stack_React/Angular, middleware_library_Docker/Kubernetes, vendor_partner_IBM, skill_set_データサイエンティスト"
